,Town,Times_rating,School_Name,KS2score,Attain8,Times_predA8,Times_predA8_resid,A8_predKS2,A8_predKS2_resid,Times_predKS2,Times_predKS2_resid,abs
10,Liverpool,88.9,King David High School,106.4,55.3,33.35798111799258,55.542018882007426,55.74814803885721,-0.4481480388572123,34.40067920418494,20.899320795815058,55.542018882007426
81,Impington,66.9,Impington Village College,106.5,57.9,38.249622021656805,28.6503779783432,56.01835915259733,1.8816408474026716,34.90136793735712,22.998632062642876,28.6503779783432
106,London,60.0,Alexandra Park School,107.3,61.2,44.458243168615226,15.541756831384774,58.18004806251827,3.0199519374817356,38.90687780273413,22.293122197265873,15.541756831384774
234,Welwyn Garden City,38.8,Monk's Walk School,105.1,50.4,24.139119414933106,14.660880585066892,52.23540356023568,-1.835403560235683,27.891725672947246,22.508274327052753,14.660880585066892
306,Borehamwood,30.9,Yavneh College,107.0,61.7,45.398943342396805,-14.498943342396807,57.369414721297915,4.330585278702088,37.404811603217695,24.295188396782308,14.498943342396807
194,London,44.3,Teddington School,106.0,53.6,30.159600527135225,14.140399472864772,54.66730358389674,-1.067303583896738,32.397924271496436,21.202075728503566,14.140399472864772
262,Gravesend,36.0,Gravesend Grammar School,111.1,63.2,48.22104386374154,-12.221043863741542,68.44807038464262,-5.248070384642617,57.93304966327503,5.266950336724975,12.221043863741542
216,Bebington,41.3,Wirral Grammar School for Boys,111.4,65.7,52.92454473264944,-11.62454473264944,69.25870372586303,-3.558703725863026,59.43511586279146,6.26488413720854,11.62454473264944
221,Maidstone,40.2,Oakwood Park Grammar School,109.8,64.9,51.419424454598925,-11.219424454598922,64.93532590602115,-0.03532590602114283,51.424096132037334,13.475903867962671,11.219424454598922
374,Birkenhead,22.9,St Anselm's College,108.8,55.6,33.92240122226154,-11.022401222261543,62.23321476861997,-6.633214768619972,46.417208800316075,9.182791199683926,11.022401222261543
392,Keswick,20.7,Keswick School,106.2,54.1,31.100300700916804,-10.400300700916805,55.207725811376974,-1.107725811376973,33.39930173784069,20.700698262159314,10.400300700916805
265,Stoke-on-Trent,35.8,St Joseph's College,108.2,62.0,45.96336344666575,-10.163363446665755,60.611948086179325,1.388051913820675,43.41307640128332,18.58692359871668,10.163363446665755
193,Maidstone,44.5,Maidstone Grammar School,111.3,66.6,54.617805045456265,-10.117805045456265,68.98849261212291,-2.388492612122917,58.93442712961928,7.665572870380714,10.117805045456265
156,London,49.9,Parliament Hill School,107.4,58.8,39.94288233446363,9.957117665536366,58.450259176258385,0.3497408237416124,39.40756653590631,19.392433464093685,9.957117665536366
121,Epsom,56.3,Rosebery School,108.1,62.6,47.09220365520365,9.20779634479635,60.34173697243915,2.258263027560851,42.91238766811114,19.687612331888865,9.20779634479635
112,London,58.9,Waldegrave School,108.7,64.0,49.72616414179207,9.17383585820793,61.96300365487991,2.0369963451200874,45.91652006714389,18.083479932856108,9.17383585820793
200,Sleaford,43.1,Kesteven and Sleaford High School Selective Academy,109.8,65.3,52.171984593624174,-9.071984593624173,64.93532590602115,0.36467409397884865,51.424096132037334,13.875903867962663,9.071984593624173
232,Sittingbourne,39.0,Borden Grammar School,110.8,63.1,48.032903828985226,-9.032903828985226,67.63743704342232,-4.537437043422322,56.430983463758594,6.669016536241408,9.032903828985226
237,Brentwood,38.4,Brentwood Ursuline Convent High School,107.6,62.7,47.28034368995996,-8.880343689959965,58.99068140373856,3.70931859626144,40.40894400225045,22.291055997749552,8.880343689959965
126,London,55.0,Hasmonean High School for Girls,107.4,62.1,46.15150348142207,8.848496518577932,58.450259176258385,3.6497408237416167,39.40756653590631,22.69243346409369,8.848496518577932
215,Tunbridge Wells,41.3,Tunbridge Wells Grammar School for Boys,110.2,64.2,50.1024442113047,-8.802444211304703,66.01617036098162,-1.8161703609816158,53.42685106472584,10.773148935274165,8.802444211304703
357,Bristol,25.0,Cotham School,103.5,46.2,16.237237955167856,8.762762044832144,47.91202574039386,-1.7120257403938552,19.88070594219323,26.319294057806772,8.762762044832144
188,Maidstone,45.3,Maidstone Grammar School for Girls,110.8,66.3,54.05338494118733,-8.753384941187335,67.63743704342232,-1.3374370434223266,56.430983463758594,9.869016536241404,8.753384941187335
228,Gillingham,39.6,Rainham Mark Grammar School,110.8,63.2,48.22104386374154,-8.62104386374154,67.63743704342232,-4.437437043422321,56.430983463758594,6.769016536241409,8.62104386374154
345,Weybridge,26.5,Heathside School,107.0,56.2,35.051241430799436,-8.551241430799436,57.369414721297915,-1.1694147212979118,37.404811603217695,18.795188396782308,8.551241430799436
347,Oxford,26.1,Cheney School,103.2,46.9,17.554218198462053,8.545781801537949,47.101392399173506,-0.20139239917350693,18.378639742676796,28.521360257323202,8.545781801537949
238,London,38.4,The Elms Academy,103.5,53.6,30.159600527135225,8.240399472864773,47.91202574039386,5.687974259606143,19.88070594219323,33.71929405780677,8.240399472864773
173,Torquay,47.0,Torquay Boys' Grammar School,111.9,66.9,55.18222514972524,-8.182225149725241,70.60975929456362,-3.709759294563611,61.938559528652036,4.96144047134797,8.182225149725241
279,York,34.4,Outwood Academy Easingwold,104.4,51.8,26.773079901521527,7.626920098478472,50.343925764054916,1.4560742359450813,24.38690454074242,27.413095459257576,7.626920098478472
182,Brixham,45.9,Churston Ferrers Grammar School Academy,112.4,66.0,53.488964836918385,-7.588964836918386,71.9608148632642,-5.960814863264204,64.44200319451272,1.557996805487278,7.588964836918386
6,Altrincham,90.4,Altrincham Grammar School for Girls,115.1,81.6,82.83881025890365,7.561189741096356,79.25651493424726,2.3434850657527306,77.96059899016018,3.6394010098398155,7.561189741096356
231,Gainsborough,39.2,"The Queen Elizabeth's High School, Gainsborough",110.4,62.4,46.715923585691016,-7.515923585691013,66.55659258846185,-4.156592588461855,54.42822853107009,7.971771468929909,7.515923585691013
176,Canterbury,46.0,Barton Court Grammar School,111.4,66.0,53.488964836918385,-7.4889648369183845,69.25870372586303,-3.258703725863029,59.43511586279146,6.564884137208537,7.4889648369183845
166,Skipton,47.8,Skipton Girls' High School,111.5,66.9,55.18222514972524,-7.382225149725244,69.52891483960315,-2.6289148396031408,59.93580459596353,6.964195404036474,7.382225149725244
387,Birtley,21.5,Lord Lawson of Beamish Academy,105.3,45.1,14.167697572848382,7.3323024271516175,52.77582578771592,-7.675825787715915,28.893103139291497,16.206896860708504,7.3323024271516175
157,Poole,49.6,Parkstone Grammar School,112.0,67.8,56.87548546253207,-7.2754854625320675,70.87997040830368,-3.07997040830368,62.43924826182422,5.360751738175779,7.2754854625320675
295,Worcester,32.3,Hanley Castle High School,105.3,50.9,25.079819588714685,7.2201804112853125,52.77582578771592,-1.8758257877159181,28.893103139291497,22.0068968607085,7.2201804112853125
274,Upminster,34.7,The Coopers' Company and Coborn School,108.5,59.8,41.82428268202679,-7.124282682026788,61.42258142739962,-1.6225814273996235,44.91514260079964,14.884857399200357,7.124282682026788
150,West Kirby,50.8,West Kirby Grammar School,112.2,68.3,57.81618563631365,-7.016185636313651,71.42039263578397,-3.120392635783972,63.44062572816847,4.859374271831527,7.016185636313651
315,Sleaford,30.0,Carre's Grammar School,109.6,57.2,36.932641778362594,-6.932641778362594,64.39490367854091,-7.194903678540911,50.42271866569308,6.77728133430692,6.932641778362594
305,Carshalton,31.0,St Philomena's Catholic High School for Girls,106.4,57.7,37.87334195214417,-6.873341952144173,55.74814803885721,1.9518519611427934,34.40067920418494,23.299320795815063,6.873341952144173
47,Potters Bar,74.3,Dame Alice Owen's School,112.4,73.5,67.59946744364207,6.700532556357928,71.9608148632642,1.5391851367357958,64.44200319451272,9.057996805487278,6.700532556357928
249,North Shields,37.7,Kings Priory School,107.3,61.1,44.27010313385891,-6.5701031338589075,58.18004806251827,2.919951937481734,38.90687780273413,22.193122197265872,6.5701031338589075
123,Grantham,55.8,"The King's School, Grantham",110.4,70.7,62.33154647046523,-6.53154647046523,66.55659258846185,4.143407411538149,54.42822853107009,16.271771468929913,6.53154647046523
337,Bristol,27.5,St Bede's Catholic College,106.9,55.6,33.92240122226154,-6.422401222261541,57.0992036075578,-1.4992036075577957,36.904122870045626,18.695877129954376,6.422401222261541
211,Faversham,41.8,Queen Elizabeth's Grammar School,111.4,63.2,48.22104386374154,-6.421043863741545,69.25870372586303,-6.058703725863026,59.43511586279146,3.76488413720854,6.421043863741545
362,Wigton,24.1,The Nelson Thomlinson School,105.0,47.0,17.74235823321837,6.357641766781633,51.965192446495564,-4.965192446495564,27.391036939775177,19.608963060224823,6.357641766781633
192,West Kirby,44.7,Calday Grange Grammar School,111.3,64.7,51.04314438508628,-6.343144385086276,68.98849261212291,-4.2884926121229086,58.93442712961928,5.765572870380723,6.343144385086276
125,Rochester,55.3,Sir Joseph Williamson's Mathematical School,111.2,70.3,61.578986331439964,-6.278986331439967,68.7182814983828,1.5817185016172033,58.43373839644721,11.866261603552786,6.278986331439967
241,Ascot,38.1,Charters School,107.0,54.5,31.852860839942068,6.247139160057934,57.369414721297915,-2.8694147212979146,37.404811603217695,17.095188396782305,6.247139160057934
209,Durham,42.2,Durham Johnston Comprehensive School,108.2,56.7,35.991941604581015,6.208058395418988,60.611948086179325,-3.911948086179322,43.41307640128332,13.286923598716683,6.208058395418988
386,Sandbach,22.1,Sandbach High School and Sixth Form College,104.8,52.6,28.278200179572067,-6.178200179572066,51.42477021901533,1.1752297809846723,26.389659473430925,26.210340526569077,6.178200179572066
179,Plymouth,46.0,Plymouth High School for Girls,111.8,65.3,52.171984593624174,-6.171984593624174,70.33954818082344,-5.039548180823445,61.43787079547985,3.8621292045201443,6.171984593624174
329,Bishop's Stortford,28.7,The Bishop's Stortford High School,107.8,56.1,34.86310139604312,-6.163101396043121,59.531103631218855,-3.4311036312188534,41.4103214685947,14.689678531405299,6.163101396043121
380,Fordingbridge,22.5,The Burgate School and Sixth Form,106.9,52.8,28.654480249084685,-6.154480249084685,57.0992036075578,-4.2992036075578,36.904122870045626,15.895877129954371,6.154480249084685
151,London,50.4,JCoSS,107.2,61.1,44.27010313385891,6.129896866141088,57.90983694877815,3.1901630512218517,38.40618906956195,22.693810930438055,6.129896866141088
18,Stratford-upon-Avon,85.7,Stratford Girls' Grammar School,114.5,79.9,79.64042966804631,6.059570331953694,77.63524825180662,2.2647517481933903,74.95646659112742,4.943533408872582,6.059570331953694
19,Colyton,85.3,Colyton Grammar School,114.7,79.8,79.45228963328996,5.847710366710032,78.17567047928685,1.6243295207131467,75.95784405747168,3.842155942528322,5.847710366710032
138,Plymouth,53.1,Devonport High School for Boys,112.9,68.9,58.94502584485154,-5.845025844851541,73.31187043196479,-4.411870431964786,66.94544686037341,1.9545531396265972,5.845025844851541
178,Spalding,46.0,Spalding High School,110.3,65.1,51.79570452411153,-5.795704524111528,66.28638147472174,-1.1863814747217418,53.92753979789802,11.172460202101973,5.795704524111528
247,London,37.8,Wren Academy Finchley,106.9,60.7,43.51754299483365,-5.71754299483365,57.0992036075578,3.6007963924422057,36.904122870045626,23.795877129954377,5.71754299483365
177,London,46.0,Hasmonean High School for Boys,106.5,59.0,40.31916240397628,5.680837596023721,56.01835915259733,2.981640847402673,34.90136793735712,24.098632062642878,5.680837596023721
328,Leeds,28.7,Horsforth School,106.9,55.8,34.29868129177416,-5.5986812917741595,57.0992036075578,-1.2992036075578,36.904122870045626,18.89587712995437,5.5986812917741595
22,London,84.1,St Michael's Catholic Grammar School,114.5,79.3,78.51158945950839,5.5884105404916085,77.63524825180662,1.6647517481933818,74.95646659112742,4.343533408872574,5.5884105404916085
136,Cranbrook,53.8,Cranbrook School,110.9,69.1,59.321305914364174,-5.521305914364177,67.90764815716244,1.192351842837553,56.931672196930776,12.168327803069218,5.521305914364177
365,Camborne,23.8,Camborne Science and International Academy,105.5,47.3,18.306778337487316,5.493221662512685,53.31624801519615,-6.016248015196155,29.89448060563575,17.405519394364248,5.493221662512685
348,London,26.0,The Bridge Academy,106.4,54.3,31.476580770429422,-5.476580770429422,55.74814803885721,-1.4481480388572123,34.40067920418494,19.899320795815058,5.476580770429422
25,Tonbridge,82.2,The Judd School,114.4,78.4,76.81832914670157,5.381670853298431,77.3650371380665,1.0349628619335078,74.45577785795535,3.9442221420446515,5.381670853298431
309,Bath,30.6,Saint Gregory's Catholic College,104.4,51.0,25.267959623471015,5.332040376528987,50.343925764054916,0.6560742359450842,24.38690454074242,26.61309545925758,5.332040376528987
213,London,41.6,The London Oratory School,108.9,62.5,46.90406362044733,-5.30406362044733,62.50342588236015,-0.003425882360147625,46.91789753348826,15.582102466511742,5.30406362044733
4,Kingston upon Thames,94.1,The Tiffin Girls' School,116.4,84.8,88.85929137110575,5.2407086288942395,82.76925941286885,2.030740587131149,84.46955252139787,0.33044747860212453,5.2407086288942395
332,London,28.0,Sydenham School,105.9,49.7,22.82213917163891,5.177860828361091,54.39709247015662,-4.697092470156619,31.897235538324367,17.802764461675636,5.177860828361091
381,Chesterfield,22.4,Brookfield Community School,105.3,52.2,27.525640040546804,-5.125640040546806,52.77582578771592,-0.5758257877159139,28.893103139291497,23.306896860708505,5.125640040546806
350,Kingsbridge,25.5,Kingsbridge Academy,106.6,48.4,20.37631871980679,5.12368128019321,56.288570266337445,-7.888570266337446,35.40205667052919,12.997943329470807,5.12368128019321
133,Ripon,54.2,Ripon Grammar School,110.5,69.1,59.321305914364174,-5.1213059143641715,66.82680370220197,2.273196297798023,54.92891726424227,14.171082735757722,5.1213059143641715
5,Cheltenham,91.9,Pate's Grammar School,116.3,83.7,86.78975098878628,5.110249011213725,82.49904829912867,1.2009517008713289,83.96886378822569,-0.268863788225687,5.110249011213725
13,Sutton Coldfield,86.6,Sutton Coldfield Grammar School for Girls,114.8,80.9,81.52183001560947,5.078169984390527,78.44588159302697,2.4541184069730377,76.45853279064374,4.4414672093562615,5.078169984390527
263,St Albans,36.0,Loreto College,106.9,59.4,41.07172254300154,-5.071722543001542,57.0992036075578,2.3007963924422015,36.904122870045626,22.495877129954373,5.071722543001542
354,Darlington,25.1,Carmel College,105.9,53.6,30.159600527135225,-5.059600527135224,54.39709247015662,-0.7970924701566204,31.897235538324367,21.702764461675635,5.059600527135224
366,Bromley,23.8,Hayes School,106.9,52.9,28.842620283841,-5.042620283841,57.0992036075578,-4.1992036075577985,36.904122870045626,15.995877129954373,5.042620283841
0,London,96.9,The Henrietta Barnett School,117.0,86.4,91.86953192720684,5.03046807279317,84.3905260953095,2.009473904690509,87.47368492043063,-1.0736849204306225,5.03046807279317
205,Birmingham,43.0,Kings Norton Girls' School,106.6,57.8,38.061481986900475,4.938518013099525,56.288570266337445,1.5114297336625526,35.40205667052919,22.397943329470806,4.938518013099525
203,London,43.0,Clapton Girls' Academy,105.9,57.8,38.061481986900475,4.938518013099525,54.39709247015662,3.4029075298433753,31.897235538324367,25.90276446167563,4.938518013099525
378,Radstock,22.6,Norton Hill Academy,106.4,52.2,27.525640040546804,-4.925640040546803,55.74814803885721,-3.5481480388572066,34.40067920418494,17.799320795815063,4.925640040546803
210,Harpenden,41.8,Sir John Lawes School,107.9,62.4,46.715923585691016,-4.915923585691019,59.80131474495897,2.598685255041026,41.911010201766885,20.488989798233114,4.915923585691019
255,Kenilworth,37.1,Kenilworth School and Sixth Form,105.8,54.7,32.2291409094547,4.870859090545302,54.126881356416504,0.5731186435834985,31.396546805152184,23.30345319484782,4.870859090545302
308,Leeds,30.7,Sherburn High School,104.4,51.3,25.832379727739948,4.8676202722600515,50.343925764054916,0.9560742359450813,24.38690454074242,26.913095459257576,4.8676202722600515
15,Colchester,86.2,Colchester County High School for Girls,115.1,80.8,81.33368998085312,4.86631001914688,79.25651493424726,1.5434850657527335,77.96059899016018,2.8394010098398184,4.86631001914688
267,Ware,35.2,Presdales School,107.6,58.8,39.94288233446363,-4.74288233446363,58.99068140373856,-0.1906814037385658,40.40894400225045,18.391055997749547,4.74288233446363
310,Whitley Bay,30.5,Whitley Bay High School,107.6,56.3,35.23938146555574,-4.739381465555738,58.99068140373856,-2.690681403738566,40.40894400225045,15.891055997749547,4.739381465555738
317,Beckenham,30.0,Langley Park School for Boys,107.3,56.0,34.674961361286805,-4.674961361286805,58.18004806251827,-2.180048062518267,38.90687780273413,17.09312219726587,4.674961361286805
336,Stockton-on-Tees,27.6,Egglescliffe School,108.0,54.7,32.2291409094547,-4.629140909454698,60.07152585869909,-5.371525858699087,42.41169893493907,12.288301065060935,4.629140909454698
196,Reading,44.0,Maiden Erlegh School,106.7,58.5,39.3784622301947,4.6215377698053,56.55878138007756,1.941218619922438,35.902745403701374,22.597254596298626,4.6215377698053
384,Bristol,22.2,Wellsway School,105.3,51.8,26.773079901521527,-4.5730799015215275,52.77582578771592,-0.9758257877159195,28.893103139291497,22.9068968607085,4.5730799015215275
352,Norwich,25.3,"City of Norwich School, An Ormiston Academy",105.6,48.6,20.752598789319435,4.547401210680565,53.58645912893627,-4.986459128936268,30.395169338807932,18.20483066119207,4.547401210680565
124,Grantham,55.6,Kesteven and Grantham Girls' School,110.3,69.5,60.07386605338944,-4.473866053389436,66.28638147472174,3.213618525278264,53.92753979789802,15.57246020210198,4.473866053389436
114,Caistor,58.7,Caistor Grammar School,112.3,71.1,63.08410660949049,-4.3841066094904875,71.69060374952403,-0.5906037495240355,63.94131446134054,7.158685538659455,4.3841066094904875
2,Orpington,95.1,St Olave's and St Saviour's Grammar School,115.9,85.8,90.74069171866891,4.3593082813310815,81.41820384416826,4.381796155831736,81.96610885553719,3.833891144462811,4.3593082813310815
129,Ashford,54.4,Highworth Grammar School,111.4,68.8,58.75688581009523,-4.356885810095228,69.25870372586303,-0.45870372586303176,59.43511586279146,9.364884137208534,4.356885810095228
1,London,96.6,"Queen Elizabeth's School, Barnet",116.5,86.6,92.24581199671944,4.354188003280555,83.03947052660891,3.5605294733910853,84.97024125456994,1.6297587454300526,4.354188003280555
20,Chelmsford,85.3,Chelmsford County High School for Girls,115.8,80.6,80.95740991134049,4.342590088659506,81.14799273042809,-0.547992730428092,81.46542012236512,-0.8654201223651228,4.342590088659506
115,Poole,58.6,Poole Grammar School,113.0,71.0,62.895966574734175,-4.295966574734173,73.58208154570485,-2.5820815457048525,67.44613559354548,3.5538644064545224,4.295966574734173
16,London,86.0,The Latymer School,116.1,81.0,81.70997005036575,4.2900299496342456,81.95862607164844,-0.9586260716484389,82.96748632188144,-1.967486321881438,4.2900299496342456
340,Sunderland,27.0,St Anthony's Girls' Catholic Academy,107.7,54.2,31.28844073567312,-4.28844073567312,59.26089251747874,-5.0608925174787345,40.90963273542263,13.29036726457737,4.28844073567312
165,Gravesend,47.9,"Mayfield Grammar School, Gravesend",111.1,65.3,52.171984593624174,-4.271984593624175,68.44807038464262,-3.1480703846426223,57.93304966327503,7.366950336724969,4.271984593624175
70,Newport,71.3,Newport Girls' High School Academy,114.0,73.2,67.03504733937312,4.264952660626875,76.28419268310603,-3.084192683106025,72.45302292526674,0.746977074733266,4.264952660626875
3,Wallington,94.6,Wilson's School,115.9,85.6,90.36441164915628,4.235588350843713,81.41820384416826,4.181796155831734,81.96610885553719,3.633891144462808,4.235588350843713
324,London,29.0,Rutlish School,105.3,55.2,33.16984108323628,-4.169841083236278,52.77582578771592,2.424174212284086,28.893103139291497,26.306896860708505,4.169841083236278
60,Rugby,72.5,Rugby High School,113.7,73.9,68.35202758266736,4.147972417332639,75.47355934188568,-1.5735593418856695,70.95095672575042,2.94904327424959,4.147972417332639
243,Cambridge,38.0,Comberton Village College,106.7,55.6,33.92240122226154,4.077598777738459,56.55878138007756,-0.9587813800775606,35.902745403701374,19.697254596298627,4.077598777738459
219,Witney,41.0,Bartholomew School,105.9,57.2,36.932641778362594,4.067358221637406,54.39709247015662,2.802907529843381,31.897235538324367,25.302764461675636,4.067358221637406
278,Rickmansworth,34.4,Rickmansworth School,108.5,58.0,38.43776205641312,-4.037762056413122,61.42258142739962,-3.4225814273996207,44.91514260079964,13.08485739920036,4.037762056413122
135,Halifax,54.0,The North Halifax Grammar School,113.3,68.4,58.004325671069964,-4.004325671069964,74.3927148869252,-5.992714886925199,68.9482017930618,-0.5482017930617928,4.004325671069964
7,Colchester,90.2,Colchester Royal Grammar School,115.6,83.4,86.22533088451736,3.974669115482641,80.60757050294785,2.7924294970521544,80.46404265602075,2.935957343979254,3.974669115482641
109,Stroud,59.5,Marling School,112.3,71.3,63.46038667900312,-3.960386679003122,71.69060374952403,-0.39060374952403265,63.94131446134054,7.358685538659458,3.960386679003122
63,Southend-on-Sea,72.3,Southend High School for Boys,113.2,73.9,68.35202758266736,3.947972417332636,74.12250377318509,-0.22250377318508185,68.44751305988973,5.452486940110276,3.947972417332636
79,Aylesbury,67.8,Aylesbury Grammar School,113.4,75.7,71.73854820828102,-3.93854820828102,74.66292600066532,1.0370739993346803,69.44889052623398,6.2511094737660216,3.93854820828102
149,Harpenden,50.8,Roundwood Park School,108.4,62.5,46.90406362044733,3.8959363795526656,61.15237031365956,1.34762968634044,44.41445386762757,18.08554613237243,3.8959363795526656
230,St Albans,39.5,St Albans Girls' School,106.4,56.5,35.615661535068384,3.8843384649316164,55.74814803885721,0.7518519611427905,34.40067920418494,22.09932079581506,3.8843384649316164
11,Birmingham,88.0,King Edward VI Camp Hill School for Girls,115.6,82.3,84.15579050219786,3.84420949780214,80.60757050294785,1.6924294970521458,80.46404265602075,1.8359573439792456,3.84420949780214
17,Reading,85.7,Reading School,115.6,81.1,81.89811008512207,3.8018899148779326,80.60757050294785,0.492429497052143,80.46404265602075,0.6359573439792428,3.8018899148779326
277,Harrogate,34.5,St Aidan's Church of England High School,106.1,57.9,38.249622021656805,-3.749622021656805,54.93751469763686,2.9624853023631417,32.898613004668505,25.001386995331494,3.749622021656805
76,Walsall,68.7,Queen Mary's High School,113.3,72.1,64.96550695705365,3.7344930429463545,74.3927148869252,-2.2927148869252107,68.9482017930618,3.151798206938196,3.7344930429463545
118,Burnham,57.1,Burnham Grammar School,111.8,69.9,60.8264261924147,-3.7264261924146993,70.33954818082344,-0.4395481808234365,61.43787079547985,8.462129204520153,3.7264261924146993
87,Walsall,65.4,Queen Mary's Grammar School,113.9,74.3,69.1045877216926,-3.70458772169259,76.01398156936591,-1.713981569365913,71.95233419209467,2.3476658079053294,3.70458772169259
174,Ramsgate,47.0,Chatham & Clarendon Grammar School,111.4,64.5,50.66686431557365,-3.6668643155736476,69.25870372586303,-4.758703725863029,59.43511586279146,5.064884137208537,3.6668643155736476
36,Altrincham,76.5,Loreto Grammar School,113.4,76.3,72.86738841681891,3.632611583181088,74.66292600066532,1.6370739993346746,69.44889052623398,6.851109473766016,3.632611583181088
299,Woodford Green,31.8,Trinity Catholic High School,107.7,56.4,35.42752150031207,-3.627521500312067,59.26089251747874,-2.8608925174787387,40.90963273542263,15.490367264577365,3.627521500312067
227,Hatfield,39.6,Bishop's Hatfield Girls' School,107.3,56.7,35.991941604581015,3.608058395418986,58.18004806251827,-1.4800480625182644,38.90687780273413,17.793122197265873,3.608058395418986
208,Oxford,42.5,The Cherwell School,105.4,58.3,39.002182160682054,3.497817839317946,53.04603690145609,5.253963098543906,29.39379187246368,28.906208127536317,3.497817839317946
24,Orpington,83.7,Newstead Wood School,114.5,80.2,80.20484977231523,3.495150227684775,77.63524825180662,2.5647517481933875,74.95646659112742,5.24353340887258,3.495150227684775
300,Ingatestone,31.2,Anglo European School,108.4,56.0,34.674961361286805,-3.4749613612868053,61.15237031365956,-5.15237031365956,44.41445386762757,11.585546132372428,3.4749613612868053
212,Sheffield,41.7,Silverdale School,106.7,57.9,38.249622021656805,3.450377978343198,56.55878138007756,1.3412186199224365,35.902745403701374,21.997254596298625,3.450377978343198
199,London,43.2,St Richard Reynolds Catholic High School,106.9,58.7,39.75474229970733,3.4452577002926716,57.0992036075578,1.6007963924422057,36.904122870045626,21.795877129954377,3.4452577002926716
223,London,40.0,Chestnut Grove Academy,107.5,57.0,36.55636170884996,3.4436382911500374,58.7204702899985,-1.7204702899985023,39.90825526907838,17.09174473092162,3.4436382911500374
311,Malmesbury,30.2,Malmesbury School,105.3,51.8,26.773079901521527,3.4269200984784725,52.77582578771592,-0.9758257877159195,28.893103139291497,22.9068968607085,3.4269200984784725
266,London,35.6,Nower Hill High School,106.7,58.3,39.002182160682054,-3.4021821606820524,56.55878138007756,1.741218619922435,35.902745403701374,22.397254596298623,3.4021821606820524
258,London,36.9,Kensington Aldridge Academy,107.9,55.4,33.54612115274891,3.3538788472510888,59.80131474495897,-4.401314744958974,41.911010201766885,13.488989798233114,3.3538788472510888
134,Bourne,54.1,Bourne Grammar School,111.1,68.1,57.439905566801016,-3.339905566801015,68.44807038464262,-0.3480703846426252,57.93304966327503,10.166950336724966,3.339905566801015
326,Broxbourne,28.9,The Broxbourne School,107.9,54.7,32.2291409094547,-3.3291409094547006,59.80131474495897,-5.1013147449589695,41.911010201766885,12.788989798233118,3.3291409094547006
33,Gloucester,77.5,Denmark Road High School,113.7,77.0,74.18436866011312,3.3156313398868775,75.47355934188568,1.5264406581143248,70.95095672575042,6.049043274249584,3.3156313398868775
96,Clitheroe,63.0,Clitheroe Royal Grammar School,113.5,72.8,66.28248720034786,-3.282487200347859,74.93313711440544,-2.133137114405443,69.94957925940616,2.850420740593833,3.282487200347859
14,Stratford-upon-Avon,86.3,King Edward VI School,114.6,81.7,83.02695029365997,3.273049706340032,77.90545936554668,3.794540634453327,75.45715532429949,6.2428446757005105,3.273049706340032
51,Stroud,73.5,Stroud High School,113.1,74.9,70.23342793023052,3.266572069769481,73.85229265944497,1.0477073405550357,67.94682432671755,6.953175673282459,3.266572069769481
312,London,30.2,Alperton Community School,102.8,51.9,26.961219936277843,3.2387800637221567,46.020547944213035,5.879452055786963,16.375884809988293,35.524115190011706,3.2387800637221567
344,London,26.6,Highams Park School,105.6,50.0,23.386559275907857,3.2134407240921448,53.58645912893627,-3.5864591289362693,30.395169338807932,19.604830661192068,3.2134407240921448
120,Birmingham,56.5,King Edward VI Aston School,113.9,69.3,59.697585983876806,-3.197585983876806,76.01398156936591,-6.713981569365913,71.95233419209467,-2.6523341920946706,3.197585983876806
26,Tonbridge,81.7,Tonbridge Grammar School,115.0,79.3,78.51158945950839,3.188410540491617,78.9863038205072,0.31369617949279416,77.459910256988,1.8400897430120011,3.188410540491617
102,Bexley,61.6,Beths Grammar School,113.4,72.0,64.77736692229733,-3.177366922297331,74.66292600066532,-2.6629260006653226,69.44889052623398,2.5511094737660187,3.177366922297331
390,Birmingham,21.1,The University of Birmingham School,104.8,47.1,17.9304982679747,3.169501732025303,51.42477021901533,-4.324770219015328,26.389659473430925,20.710340526569077,3.169501732025303
90,Bournemouth,64.1,Bournemouth School,113.0,73.3,67.22318737412944,-3.1231873741294436,73.58208154570485,-0.28208154570485533,67.44613559354548,5.8538644064545196,3.1231873741294436
356,Epsom,25.0,Blenheim High School,104.4,49.2,21.88143899785733,3.1185610021426697,50.343925764054916,-1.143925764054913,24.38690454074242,24.813095459257582,3.1185610021426697
333,Derby,28.0,Landau Forte College,105.7,54.1,31.100300700916804,-3.1003007009168044,53.85667024267639,0.24332975732361461,30.895858071980115,23.204141928019887,3.1003007009168044
8,Chelmsford,89.7,"King Edward VI Grammar School, Chelmsford",115.8,83.6,86.60161095402997,3.0983890459700376,81.14799273042809,2.452007269571908,81.46542012236512,2.134579877634877,3.0983890459700376
369,Southwell,23.3,The Minster School,105.6,51.6,26.39679983200891,-3.0967998320089087,53.58645912893627,-1.9864591289362679,30.395169338807932,21.20483066119207,3.0967998320089087
273,Manchester,35.0,The King David High School,107.5,57.8,38.061481986900475,-3.061481986900475,58.7204702899985,-0.9204702899985051,39.90825526907838,17.891744730921616,3.061481986900475
201,Didcot,43.0,Didcot Girls' School,106.0,58.8,39.94288233446363,3.057117665536367,54.66730358389674,4.132696416103258,32.397924271496436,26.40207572850356,3.057117665536367
245,Harrogate,37.9,Harrogate Grammar School,107.0,56.1,34.86310139604312,3.036898603956878,57.369414721297915,-1.2694147212979132,37.404811603217695,18.695188396782306,3.036898603956878
334,Nuneaton,27.9,Higham Lane School,105.1,54.0,30.91216066616049,-3.01216066616049,52.23540356023568,1.7645964397643183,27.891725672947246,26.108274327052754,3.01216066616049
101,Lancaster,61.8,Lancaster Royal Grammar School,112.6,72.0,64.77736692229733,-2.9773669222973353,72.50123709074438,-0.5012370907443824,65.44338066085697,6.556619339143026,2.9773669222973353
338,London,27.2,Guru Nanak Sikh Academy,106.2,53.6,30.159600527135225,-2.959600527135226,55.207725811376974,-1.607725811376973,33.39930173784069,20.200698262159314,2.959600527135226
383,Bristol,22.2,Chew Valley School,105.7,47.8,19.247478511268895,2.9525214887311044,53.85667024267639,-6.05667024267639,30.895858071980115,16.904141928019882,2.9525214887311044
256,Maidenhead,37.0,Newlands Girls' School,106.8,58.8,39.94288233446363,-2.942882334463633,56.82899249381768,1.9710075061823176,36.40343413687344,22.396565863126554,2.942882334463633
207,Peterborough,42.9,The King's (The Cathedral) School,108.1,61.9,45.77522341190944,-2.875223411909438,60.34173697243915,1.558263027560848,42.91238766811114,18.98761233188886,2.875223411909438
323,Woodford Green,29.0,Woodbridge High School,106.6,54.5,31.852860839942068,-2.8528608399420676,56.288570266337445,-1.7885702663374445,35.40205667052919,19.09794332947081,2.8528608399420676
372,Wokingham,23.0,The Emmbrook School,104.3,48.3,20.188178685050474,2.811821314949526,50.0737146503148,-1.7737146503148011,23.886215807570238,24.41378419242976,2.811821314949526
180,London,46.0,Twyford Church of England High School,107.5,63.5,48.78546396801049,-2.7854639680104896,58.7204702899985,4.779529710001498,39.90825526907838,23.59174473092162,2.7854639680104896
85,Tunbridge Wells,66.0,The Skinners' School,112.3,74.1,68.72830765217996,-2.7283076521799643,71.69060374952403,2.4093962504759645,63.94131446134054,10.158685538659455,2.7283076521799643
288,Croydon,33.3,Coloma Convent Girls' School,107.3,56.7,35.991941604581015,-2.691941604581018,58.18004806251827,-1.4800480625182644,38.90687780273413,17.793122197265873,2.691941604581018
145,Bishop's Stortford,51.1,The Hertfordshire & Essex High School and Science College,109.1,63.3,48.40918389849786,2.6908161015021435,63.043848109840326,0.2561518901596713,47.919274999832396,15.380725000167601,2.6908161015021435
160,London,48.4,St Mark's Catholic School,106.9,64.7,51.04314438508628,-2.6431443850862806,57.0992036075578,7.600796392442206,36.904122870045626,27.795877129954377,2.6431443850862806
73,Marlow,70.8,Sir William Borlase's Grammar School,113.9,73.8,68.16388754791102,2.6361124520889803,76.01398156936591,-2.213981569365913,71.95233419209467,1.8476658079053294,2.6361124520889803
319,London,29.8,Highlands School,106.3,54.8,32.417280944211,-2.617280944211,55.47793692511709,-0.6779369251170948,33.89999047101276,20.90000952898724,2.617280944211
86,Gloucester,65.7,The Crypt School,112.7,71.1,63.08410660949049,2.6158933905095125,72.7714482044845,-1.6714482044845056,65.94406939402904,5.155930605970951,2.6158933905095125
168,Harpenden,47.5,St George's School,109.1,64.2,50.1024442113047,-2.6024442113047,63.043848109840326,1.156151890159677,47.919274999832396,16.280725000167607,2.6024442113047
394,Chelmsford,20.6,"St John Payne Catholic School, Chelmsford",105.6,49.9,23.198419241151527,-2.5984192411515252,53.58645912893627,-3.6864591289362707,30.395169338807932,19.504830661192067,2.5984192411515252
28,Wallington,81.1,Wallington High School for Girls,114.6,79.3,78.51158945950839,2.5884105404916085,77.90545936554668,1.394540634453321,75.45715532429949,3.842844675700505,2.5884105404916085
396,Birmingham,19.2,Ark St Alban's Academy,102.3,46.4,16.613518024680474,2.5864819753195256,44.66949237551245,1.7305076244875508,13.872441144127606,32.52755885587239,2.5864819753195256
335,Ringwood,27.8,Ringwood School Academy,106.2,53.7,30.34774056189154,-2.5477405618915405,55.207725811376974,-1.5077258113769716,33.39930173784069,20.300698262159315,2.5477405618915405
360,Cheltenham,24.4,Cheltenham Bournside School and Sixth Form Centre,103.4,49.2,21.88143899785733,2.5185610021426683,47.64181462665374,1.5581853733462623,19.38001720902116,29.81998279097884,2.5185610021426683
195,Cheltenham,44.2,Balcarras School,108.0,62.4,46.715923585691016,-2.515923585691013,60.07152585869909,2.3284741413009087,42.41169893493907,19.98830106506093,2.515923585691013
284,Newcastle upon Tyne,33.9,Sacred Heart Catholic High School,106.7,56.9,36.36822167409365,-2.4682216740936482,56.55878138007756,0.3412186199224365,35.902745403701374,20.997254596298625,2.4682216740936482
185,Woking,45.6,"St John the Baptist Catholic Comprehensive School, Woking",107.4,60.5,43.141262925321016,2.458737074678986,58.450259176258385,2.0497408237416153,39.40756653590631,21.092433464093688,2.458737074678986
159,Kingston upon Thames,48.6,The Kingston Academy,105.9,62.1,46.15150348142207,2.448496518577933,54.39709247015662,7.70290752984338,31.897235538324367,30.202764461675635,2.448496518577933
260,London,36.0,Paddington Academy,106.2,58.0,38.43776205641312,-2.4377620564131206,55.207725811376974,2.7922741886230256,33.39930173784069,24.600698262159312,2.4377620564131206
276,Belper,34.5,The Ecclesbourne School,107.7,57.2,36.932641778362594,-2.432641778362594,59.26089251747874,-2.0608925174787345,40.90963273542263,16.29036726457737,2.432641778362594
218,Bishop's Stortford,41.1,Hockerill Anglo-European College,109.0,60.7,43.51754299483365,-2.4175429948336458,62.77363699610021,-2.0736369961002055,47.41858626666033,13.281413733339676,2.4175429948336458
289,Leeds,33.2,"St. Mary's Menston, a Catholic Voluntary Academy",107.2,56.5,35.615661535068384,-2.4156615350683808,57.90983694877815,-1.4098369487781497,38.40618906956195,18.093810930438053,2.4156615350683808
287,Chesterfield,33.4,"St Mary's Catholic High School, A Catholic Voluntary Academy",107.0,56.6,35.8038015698247,-2.403801569824701,57.369414721297915,-0.7694147212979132,37.404811603217695,19.195188396782306,2.403801569824701
272,London,35.0,Central Foundation Boys' School,105.7,54.9,32.60542097896733,2.394579021032669,53.85667024267639,1.0433297573236118,30.895858071980115,24.004141928019884,2.394579021032669
257,New Malden,37.0,The Holy Cross School,105.7,58.5,39.3784622301947,-2.3784622301946996,53.85667024267639,4.643329757323613,30.895858071980115,27.604141928019885,2.3784622301946996
370,Bury St Edmunds,23.1,St Benedict's Catholic School,105.9,51.1,25.45609965822733,-2.356099658227329,54.39709247015662,-3.2970924701566204,31.897235538324367,19.202764461675635,2.356099658227329
349,York,25.9,"Archbishop Holgate's School, A Church of England Academy",105.0,50.1,23.574699310664172,2.325300689335826,51.965192446495564,-1.8651924464955627,27.391036939775177,22.708963060224825,2.325300689335826
375,Thame,22.7,Lord Williams's School,105.3,48.4,20.37631871980679,2.3236812801932096,52.77582578771592,-4.375825787715918,28.893103139291497,19.5068968607085,2.3236812801932096
242,St Albans,38.0,Beaumont School,105.8,59.0,40.31916240397628,-2.3191624039762786,54.126881356416504,4.873118643583496,31.396546805152184,27.603453194847816,2.3191624039762786
206,Northampton,42.9,Northampton School for Boys,107.1,61.6,45.21080330764049,-2.310803307640491,57.63962583503803,3.9603741649619693,37.90550033638988,23.694499663610124,2.310803307640491
181,Sutton,46.0,Glenthorne High School,107.8,60.8,43.70568302958996,2.294316970410037,59.531103631218855,1.2688963687811423,41.4103214685947,19.389678531405295,2.294316970410037
104,Newport,61.0,Haberdashers' Adams,113.4,71.2,63.272246644246806,-2.272246644246806,74.66292600066532,-3.4629260006653197,69.44889052623398,1.7511094737660216,2.272246644246806
128,London,54.6,The Camden School for Girls,110.0,65.4,52.360124628380504,2.2398753716194975,65.47574813350138,-0.07574813350137788,52.425473598381586,12.97452640161842,2.2398753716194975
69,Westcliff-on-Sea,71.8,Westcliff High School for Girls,113.8,76.9,73.99622862535684,-2.196228625356838,75.74377045562579,1.156229544374213,71.45164545892248,5.448354541077521,2.196228625356838
353,Birmingham,25.2,Hillcrest School and Sixth Form Centre,102.7,49.8,23.01027920639521,2.1897207936047884,45.75033683047292,4.049663169527079,15.875196076816223,33.924803923183774,2.1897207936047884
75,Slough,69.0,Herschel Grammar School,113.8,75.4,71.1741281040121,-2.174128104012098,75.74377045562579,-0.343770455625787,71.45164545892248,3.9483545410775207,2.174128104012098
48,Southend-on-Sea,74.1,Southend High School for Girls,114.0,75.8,71.92668824303733,2.1733117569626614,76.28419268310603,-0.4841926831060306,72.45302292526674,3.3469770747332603,2.1733117569626614
302,London,31.0,Christ's College Finchley,105.2,55.2,33.16984108323628,-2.1698410832362782,52.505614673975856,2.694385326024147,28.39241440611943,26.807585593880574,2.1698410832362782
170,Rickmansworth,47.2,St Clement Danes School,109.0,63.8,49.34988407227944,-2.149884072279434,62.77363699610021,1.0263630038997889,47.41858626666033,16.38141373333967,2.149884072279434
30,Heckmondwike,78.4,Heckmondwike Grammar School,114.2,78.1,76.2539090424326,2.1460909575674094,76.82461491058626,1.2753850894137315,73.45440039161099,4.645599608389006,2.1460909575674094
143,Canterbury,51.4,Simon Langton Grammar School for Boys,112.3,66.0,53.488964836918385,-2.088964836918386,71.69060374952403,-5.69060374952403,63.94131446134054,2.0586855386594607,2.088964836918386
367,York,23.4,Huntington School,104.9,48.9,21.31701889358837,2.08298110641163,51.6949813327555,-2.794981332755505,26.890348206602994,22.009651793397005,2.08298110641163
397,Lytchett Minster,18.3,Lytchett Minster School,103.5,48.4,20.37631871980679,-2.076318719806789,47.91202574039386,0.4879742596061405,19.88070594219323,28.519294057806768,2.076318719806789
53,Slough,73.3,Upton Court Grammar School,114.5,77.6,75.31320886865102,-2.01320886865102,77.63524825180662,-0.035248251806621056,74.95646659112742,2.643533408872571,2.01320886865102
37,Gloucester,76.0,Sir Thomas Rich's School,113.7,76.9,73.99622862535684,2.003771374643165,75.47355934188568,1.4264406581143305,70.95095672575042,5.94904327424959,2.003771374643165
290,Loughborough,33.1,De Lisle College Loughborough Leicestershire,104.9,54.1,31.100300700916804,1.999699299083197,51.6949813327555,2.405018667244498,26.890348206602994,27.209651793397008,1.999699299083197
72,Wolverhampton,70.9,Wolverhampton Girls' High School,114.2,74.2,68.91644768693628,1.9835523130637256,76.82461491058626,-2.62461491058626,73.45440039161099,0.7455996083890142,1.9835523130637256
94,Salisbury,63.4,Bishop Wordsworth's Church of England Grammar School,113.1,72.3,65.34178702656628,-1.9417870265662813,73.85229265944497,-1.5522926594449729,67.94682432671755,4.3531756732824505,1.9417870265662813
364,London,24.0,Haydon School,106.3,49.3,22.069579032613632,1.9304209673863681,55.47793692511709,-6.177936925117095,33.89999047101276,15.40000952898724,1.9304209673863681
162,London,48.0,Orleans Park School,108.5,64.1,49.91430417654837,-1.9143041765483702,61.42258142739962,2.6774185726003736,44.91514260079964,19.184857399200354,1.9143041765483702
314,London,30.0,Eltham Hill School,106.0,52.5,28.09006014481575,1.9099398551842484,54.66730358389674,-2.1673035838967394,32.397924271496436,20.102075728503564,1.9099398551842484
183,Guildford,45.8,Guildford County School,107.4,60.9,43.89382306434628,1.9061769356537184,58.450259176258385,2.449740823741614,39.40756653590631,21.492433464093686,1.9061769356537184
355,Macclesfield,25.1,Tytherington School,105.4,49.9,23.198419241151527,1.9015807588484748,53.04603690145609,-3.1460369014560925,29.39379187246368,20.50620812753632,1.9015807588484748
291,London,33.0,Ruislip High School,105.1,54.1,31.100300700916804,1.8996992990831956,52.23540356023568,1.8645964397643198,27.891725672947246,26.208274327052756,1.8996992990831956
233,London,39.0,"Queen Elizabeth's Girls' School, Barnet",106.6,59.3,40.88358250824521,-1.8835825082452118,56.288570266337445,3.0114297336625526,35.40205667052919,23.897943329470806,1.8835825082452118
27,Altrincham,81.5,Altrincham Grammar School for Boys,113.6,79.9,79.64042966804631,1.859570331953691,75.20334822814556,4.696651771854448,70.45026799257823,9.449732007421773,1.859570331953691
55,Sale,73.0,Sale Grammar School,113.7,75.4,71.1741281040121,1.825871895987902,75.47355934188568,-0.07355934188566948,70.95095672575042,4.44904327424959,1.825871895987902
322,Crowthorne,29.1,Edgbarrow School,106.1,54.0,30.91216066616049,-1.8121606661604872,54.93751469763686,-0.9375146976368569,32.898613004668505,21.101386995331495,1.8121606661604872
50,Wallington,73.7,Wallington County Grammar School,113.9,77.7,75.50134890340733,-1.8013489034073302,76.01398156936591,1.6860184306340926,71.95233419209467,5.747665807905335,1.8013489034073302
385,Redditch,22.2,St Augustine's Catholic High School,104.7,50.3,23.95097938017679,-1.7509793801767906,51.15455910527527,-0.8545591052752712,25.888970740258742,24.411029259741255,1.7509793801767906
286,Hove,33.4,Cardinal Newman Catholic School,105.7,54.4,31.664720805185752,1.7352791948142468,53.85667024267639,0.5433297573236118,30.895858071980115,23.504141928019884,1.7352791948142468
68,Slough,71.9,St Bernard's Catholic Grammar School,113.5,76.7,73.61994855584418,-1.7199485558441694,74.93313711440544,1.7668628855945627,69.94957925940616,6.750420740593839,1.7199485558441694
292,Hull,33.0,"St Mary's College, Voluntary Catholic Academy",105.4,54.2,31.28844073567312,1.7115592643268798,53.04603690145609,1.1539630985439118,29.39379187246368,24.806208127536323,1.7115592643268798
119,Broadstairs,56.7,Dane Court Grammar School,111.5,68.6,58.380605740582595,-1.6806057405825925,69.52891483960315,-0.9289148396031521,59.93580459596353,8.664195404036462,1.6806057405825925
117,London,57.8,The Cardinal Vaughan Memorial RC School,109.2,67.4,56.12292532350682,1.6770746764931772,63.31405922358044,4.085940776419562,48.41996373300458,18.980036266995427,1.6770746764931772
190,Esher,45.0,Hinchley Wood School,107.9,60.6,43.32940296007733,1.6705970399226686,59.80131474495897,0.798685255041029,41.911010201766885,18.688989798233116,1.6705970399226686
318,Brentwood,30.0,Becket Keys Church of England Free School,106.4,54.4,31.664720805185752,-1.6647208051857518,55.74814803885721,-1.348148038857211,34.40067920418494,19.99932079581506,1.6647208051857518
389,Camberley,21.1,Collingwood College,104.8,47.9,19.43561854602521,1.6643814539747908,51.42477021901533,-3.5247702190153305,26.389659473430925,21.510340526569074,1.6643814539747908
239,Liverpool,38.4,The Belvedere Academy,108.5,57.1,36.74450174360628,1.6554982563937202,61.42258142739962,-4.322581427399619,44.91514260079964,12.18485739920036,1.6554982563937202
146,London,51.0,West London Free School,108.0,63.8,49.34988407227944,1.650115927720563,60.07152585869909,3.7284741413009073,42.41169893493907,21.38830106506093,1.650115927720563
271,Holyport,35.0,Holyport College,104.9,55.3,33.35798111799258,1.6420188820074202,51.6949813327555,3.6050186672444937,26.890348206602994,28.409651793397003,1.6420188820074202
325,Derby,28.9,Littleover Community School,105.7,53.8,30.535880596647843,-1.6358805966478442,53.85667024267639,-0.05667024267638965,30.895858071980115,22.904141928019882,1.6358805966478442
38,Birmingham,76.0,King Edward VI Five Ways School,114.9,77.1,74.37250869486944,1.6274913051305617,78.71609270676709,-1.6160927067670912,76.95922152381593,0.14077847618406736,1.6274913051305617
358,Uckfield,25.0,Uckfield  College,104.8,50.0,23.386559275907857,1.6134407240921433,51.42477021901533,-1.424770219015329,26.389659473430925,23.610340526569075,1.6134407240921433
122,London,56.2,The Grey Coat Hospital,108.9,66.6,54.617805045456265,1.5821949545437377,62.50342588236015,4.096574117639847,46.91789753348826,19.682102466511736,1.5821949545437377
275,Burgess Hill,34.6,St Paul's Catholic College,106.8,56.8,36.18008163933732,-1.5800816393373154,56.82899249381768,-0.02899249381768243,36.40343413687344,20.396565863126554,1.5800816393373154
65,Salisbury,72.0,South Wilts Grammar School,113.3,75.0,70.4215679649868,1.5784320350131935,74.3927148869252,0.6072851130747949,68.9482017930618,6.0517982069382015,1.5784320350131935
343,Newbury,26.7,The Downs School,105.8,52.6,28.278200179572067,-1.5782001795720682,54.126881356416504,-1.526881356416503,31.396546805152184,21.203453194847818,1.5782001795720682
23,Cheam,83.8,Nonsuch High School for Girls,115.0,81.3,82.2743901546347,1.5256098453652953,78.9863038205072,2.313696179492794,77.459910256988,3.840089743012001,1.5256098453652953
98,Rochester,62.5,The Rochester Grammar School,112.5,71.6,64.02480678327207,-1.5248067832720693,72.23102597700426,-0.6310259770042705,64.94269192768479,6.657308072315203,1.5248067832720693
169,London,47.3,Graveney School,107.9,61.9,45.77522341190944,1.5247765880905604,59.80131474495897,2.098685255041026,41.911010201766885,19.988989798233114,1.5247765880905604
235,London,38.8,William Perkin Church of England High School,106.1,59.0,40.31916240397628,-1.5191624039762814,54.93751469763686,4.062485302363143,32.898613004668505,26.101386995331495,1.5191624039762814
137,Birmingham,53.3,St Paul's School for Girls,107.3,65.1,51.79570452411153,1.504295475888469,58.18004806251827,6.919951937481727,38.90687780273413,26.193122197265865,1.504295475888469
97,Tunbridge Wells,62.7,Tunbridge Wells Girls' Grammar School,111.1,70.1,61.20270626192733,1.4972937380726705,68.44807038464262,1.6519296153573748,57.93304966327503,12.166950336724966,1.4972937380726705
111,Watford,59.3,Parmiter's School,110.4,68.3,57.81618563631365,1.4838143636863492,66.55659258846185,1.7434074115381435,54.42822853107009,13.871771468929907,1.4838143636863492
41,Langley,75.1,Langley Grammar School,114.4,76.7,73.61994855584418,1.4800514441558192,77.3650371380665,-0.665037138066495,74.45577785795535,2.2442221420446486,1.4800514441558192
42,Chesham,75.1,Chesham Grammar School,113.8,76.7,73.61994855584418,1.4800514441558192,75.74377045562579,0.9562295443742101,71.45164545892248,5.248354541077518,1.4800514441558192
54,Sutton Coldfield,73.2,Bishop Vesey's Grammar School,114.0,75.7,71.73854820828102,1.4614517917189858,76.28419268310603,-0.5841926831060249,72.45302292526674,3.246977074733266,1.4614517917189858
388,Cheddar,21.2,The Kings of Wessex Academy,104.2,49.6,22.633999136882593,-1.4339991368825942,49.80350353657468,-0.20350353657467934,23.38552707439817,26.214472925601832,1.4339991368825942
254,Liphook,37.2,Bohunt School,107.6,58.1,38.625902091169436,-1.4259020911694336,58.99068140373856,-0.8906814037385615,40.40894400225045,17.69105599774955,1.4259020911694336
12,Birmingham,87.4,King Edward VI Camp Hill School for Boys,115.5,83.3,86.03719084976102,1.3628091502389879,80.33735938920779,2.9626406107922065,79.96335392284868,3.3366460771513147,1.3628091502389879
167,Harrow,47.8,JFS,106.8,63.7,49.16174403752312,-1.361744037523124,56.82899249381768,6.871007506182323,36.40343413687344,27.29656586312656,1.361744037523124
339,Morpeth,27.0,The King Edward VI School,106.1,51.2,25.644239692983646,1.3557603070163537,54.93751469763686,-3.737514697636854,32.898613004668505,18.301386995331498,1.3557603070163537
103,Blackburn,61.2,Tauheedul Islam Girls' High School,106.5,70.8,62.51968650522154,-1.31968650522154,56.01835915259733,14.78164084740267,34.90136793735712,35.898632062642875,1.31968650522154
62,Dartford,72.3,Dartford Grammar School for Girls,113.4,75.3,70.98598806925575,1.3140119307442433,74.66292600066532,0.6370739993346746,69.44889052623398,5.851109473766016,1.3140119307442433
293,Hexham,32.6,Queen Elizabeth High School,106.9,54.2,31.28844073567312,1.3115592643268812,57.0992036075578,-2.8992036075577943,36.904122870045626,17.295877129954377,1.3115592643268812
142,Leatherhead,51.6,St Andrew's Catholic School,107.1,64.3,50.290584246061016,1.3094157539389855,57.63962583503803,6.660374164961965,37.90550033638988,26.39449966361012,1.3094157539389855
251,Saffron Walden,37.3,Saffron Walden County High School,107.6,56.7,35.991941604581015,1.308058395418982,58.99068140373856,-2.29068140373856,40.40894400225045,16.291055997749552,1.308058395418982
67,High Wycombe,71.9,"The Royal Grammar School, High Wycombe",112.0,75.1,70.60970799974312,1.2902920002568834,70.87997040830368,4.220029591696317,62.43924826182422,12.660751738175776,1.2902920002568834
92,Aylesbury,63.8,Sir Henry Floyd Grammar School,113.0,70.8,62.51968650522154,1.2803134947784542,73.58208154570485,-2.7820815457048553,67.44613559354548,3.3538644064545196,1.2803134947784542
147,London,51.0,Mossbourne Community Academy,105.3,64.0,49.72616414179207,1.2738358582079314,52.77582578771592,11.224174212284083,28.893103139291497,35.1068968607085,1.2738358582079314
77,Welling,68.6,Bexley Grammar School,114.6,74.7,69.85714786071786,-1.2571478607178648,77.90545936554668,-3.205459365546673,75.45715532429949,-0.7571553242994895,1.2571478607178648
155,Guildford,50.0,St Peter's Catholic School,107.4,63.5,48.78546396801049,1.2145360319895104,58.450259176258385,5.049740823741615,39.40756653590631,24.092433464093688,1.2145360319895104
9,Reading,89.3,Kendrick School,116.0,84.4,88.10673123208052,1.1932687679194771,81.68841495790832,2.7115850420916843,82.46679758870937,1.9332024112906367,1.1932687679194771
270,London,35.0,Wimbledon College,105.3,56.8,36.18008163933732,-1.1800816393373168,52.77582578771592,4.0241742122840805,28.893103139291497,27.9068968607085,1.1800816393373168
363,Southam,24.0,Southam College,105.8,49.7,22.82213917163891,1.1778608283610907,54.126881356416504,-4.4268813564165015,31.396546805152184,18.30345319484782,1.1778608283610907
82,Lancaster,66.8,Lancaster Girls' Grammar School,113.3,73.7,67.9757475131547,-1.175747513154704,74.3927148869252,-0.6927148869252022,68.9482017930618,4.751798206938204,1.175747513154704
158,London,49.2,Sacred Heart High School,108.6,63.1,48.032903828985226,1.1670961710147765,61.69279254113974,1.4072074588602632,45.41583133397171,17.68416866602829,1.1670961710147765
316,Chipping Norton,30.0,Chipping Norton School,105.9,52.9,28.842620283841,1.1573797161589994,54.39709247015662,-1.4970924701566233,31.897235538324367,21.002764461675632,1.1573797161589994
39,Birmingham,75.9,King Edward VI Handsworth School,114.3,77.3,74.74878876438207,1.1512112356179358,77.09482602432638,0.20517397567361684,73.95508912478317,3.3449108752168257,1.1512112356179358
346,Coventry,26.2,Blue Coat Church of England School and Music College,105.8,52.1,27.33750000579049,-1.1375000057904892,54.126881356416504,-2.026881356416503,31.396546805152184,20.703453194847818,1.1375000057904892
171,London,47.1,The Fulham Boys School,107.0,62.0,45.96336344666575,1.1366365533342488,57.369414721297915,4.630585278702085,37.404811603217695,24.595188396782305,1.1366365533342488
52,Sidcup,73.4,Chislehurst and Sidcup Grammar School,113.9,76.0,72.30296831254996,1.0970316874500412,76.01398156936591,-0.013981569365910218,71.95233419209467,4.047665807905332,1.0970316874500412
32,Dartford,77.9,Dartford Grammar School,113.5,78.4,76.81832914670157,1.0816708532984336,74.93313711440544,3.4668628855945656,69.94957925940616,8.450420740593842,1.0816708532984336
268,Stevenage,35.1,The Saint John Henry Newman Catholic School,105.7,56.8,36.18008163933732,-1.0800816393373154,53.85667024267639,2.9433297573236104,30.895858071980115,25.904141928019882,1.0800816393373154
393,Stockton-on-Tees,20.7,Conyers School,105.8,48.0,19.62375858078154,1.0762414192184586,54.126881356416504,-6.126881356416504,31.396546805152184,16.603453194847816,1.0762414192184586
327,Bushey,28.9,Queens' School,106.6,53.5,29.97146049237891,-1.071460492378911,56.288570266337445,-2.7885702663374445,35.40205667052919,18.09794332947081,1.071460492378911
391,Bristol,21.0,Nailsea School,104.8,49.3,22.069579032613632,-1.0695790326136319,51.42477021901533,-2.124770219015332,26.389659473430925,22.910340526569072,1.0695790326136319
282,Bourton-on-the-Water,34.2,The Cotswold Academy,106.0,55.2,33.16984108323628,1.0301589167637246,54.66730358389674,0.5326964161032635,32.397924271496436,22.802075728503567,1.0301589167637246
189,Sheffield,45.3,High Storrs School,107.3,61.1,44.27010313385891,1.0298968661410868,58.18004806251827,2.919951937481734,38.90687780273413,22.193122197265872,1.0298968661410868
342,Chester,26.7,Upton-by-Chester High School,105.3,52.3,27.713780075303106,-1.0137800753031065,52.77582578771592,-0.47582578771591955,28.893103139291497,23.4068968607085,1.0137800753031065
105,Tonbridge,60.2,Weald of Kent Grammar School,111.6,70.1,61.20270626192733,-1.0027062619273295,69.79912595334321,0.3008740466567872,60.4364933291356,9.663506670864393,1.0027062619273295
214,Lymm,41.4,Lymm High School,107.5,60.1,42.38870278629575,-0.9887027862957538,58.7204702899985,1.3795297100014992,39.90825526907838,20.19174473092162,0.9887027862957538
285,Newcastle upon Tyne,33.7,Ponteland High School,108.4,56.0,34.674961361286805,-0.9749613612868018,61.15237031365956,-5.15237031365956,44.41445386762757,11.585546132372428,0.9749613612868018
220,Stockport,40.5,Cheadle Hulme High School,106.3,59.6,41.44800261251417,-0.9480026125141734,55.47793692511709,4.1220630748829095,33.89999047101276,25.700009528987245,0.9480026125141734
280,Altrincham,34.3,Wellington School,106.6,56.3,35.23938146555574,-0.9393814655557406,56.288570266337445,0.011429733662552621,35.40205667052919,20.897943329470806,0.9393814655557406
222,Sheffield,40.1,Tapton School,107.1,58.4,39.190322195438384,0.9096778045616176,57.63962583503803,0.7603741649619664,37.90550033638988,20.49449966361012,0.9096778045616176
57,Manchester,73.0,Urmston Grammar Academy,113.5,75.9,72.11482827779368,0.8851717222063229,74.93313711440544,0.9668628855945656,69.94957925940616,5.950420740593842,0.8851717222063229
253,Hitchin,37.2,Hitchin Girls' School,107.0,57.8,38.061481986900475,-0.861481986900472,57.369414721297915,0.4305852787020825,37.404811603217695,20.395188396782302,0.861481986900472
198,London,44.0,The St Thomas the Apostle College,104.3,60.5,43.141262925321016,0.8587370746789844,50.0737146503148,10.426285349685202,23.886215807570238,36.61378419242976,0.8587370746789844
140,Wokingham,51.7,The Holt School,108.4,64.6,50.85500435032995,0.8449956496700537,61.15237031365956,3.4476296863404343,44.41445386762757,20.185546132372423,0.8449956496700537
264,Bath,35.9,Beechen Cliff School,107.4,57.1,36.74450174360628,-0.8445017436062798,58.450259176258385,-1.3502591762583833,39.40756653590631,17.69243346409369,0.8445017436062798
250,London,37.4,St Angela's Ursuline School,107.9,57.0,36.55636170884996,0.843638291150036,59.80131474495897,-2.8013147449589724,41.911010201766885,15.088989798233115,0.843638291150036
186,London,45.5,Ashmole Academy,107.6,62.2,46.339643516178384,-0.8396435161783842,58.99068140373856,3.20931859626144,40.40894400225045,21.791055997749552,0.8396435161783842
379,Beverley,22.5,Beverley High School,105.1,49.1,21.693298963101014,0.8067010368989855,52.23540356023568,-3.1354035602356802,27.891725672947246,21.208274327052756,0.8067010368989855
269,Guildford,35.0,George Abbot School,106.6,56.6,35.8038015698247,-0.8038015698246994,56.288570266337445,0.3114297336625569,35.40205667052919,21.19794332947081,0.8038015698246994
351,Ipswich,25.3,Kesgrave High School,105.7,50.6,24.51539948444575,0.7846005155542493,53.85667024267639,-3.2566702426763854,30.895858071980115,19.704141928019887,0.7846005155542493
99,Maidstone,62.3,Invicta Grammar School,112.0,71.1,63.08410660949049,-0.7841066094904932,70.87997040830368,0.22002959169631708,62.43924826182422,8.660751738175776,0.7841066094904932
130,Watford,54.4,Watford Grammar School for Girls,109.9,66.9,55.18222514972524,-0.7822251497252424,65.20553701976127,1.6944629802387396,51.92478486520952,14.975215134790488,0.7822251497252424
371,Leeds,23.0,Guiseley School,105.8,49.4,22.257719067369948,0.7422809326300523,54.126881356416504,-4.726881356416506,31.396546805152184,18.003453194847815,0.7422809326300523
64,Bexleyheath,72.0,Townley Grammar School,114.5,76.2,72.6792483820626,-0.6792483820625961,77.63524825180662,-1.4352482518066125,74.95646659112742,1.2435334088725796,0.6792483820625961
49,Rugby,73.7,Lawrence Sheriff School,113.8,77.1,74.37250869486944,-0.6725086948694354,75.74377045562579,1.3562295443742016,71.45164545892248,5.648354541077509,0.6725086948694354
66,High Wycombe,72.0,Wycombe High School,113.3,75.5,71.36226813876839,0.6377318612316145,74.3927148869252,1.107285113074795,68.9482017930618,6.5517982069382015,0.6377318612316145
296,London,32.3,Reach Academy Feltham,104.1,54.4,31.664720805185752,0.6352791948142453,49.533292422834506,4.866707577165492,22.884838341225986,31.515161658774012,0.6352791948142453
148,London,51.0,Wembley High Technology College,106.5,65.0,51.60756448935523,-0.6075644893552266,56.01835915259733,8.981640847402673,34.90136793735712,30.098632062642878,0.6075644893552266
382,Reading,22.3,The Willink School,105.5,49.1,21.693298963101014,0.6067010368989862,53.31624801519615,-4.21624801519615,29.89448060563575,19.205519394364252,0.6067010368989862
320,Birmingham,29.8,Bishop Challoner Catholic College,106.6,53.1,29.218900353353646,0.5810996466463543,56.288570266337445,-3.188570266337443,35.40205667052919,17.69794332947081,0.5810996466463543
252,Solihull,37.3,Arden,106.8,57.7,37.87334195214417,-0.573341952144176,56.82899249381768,0.8710075061823233,36.40343413687344,21.29656586312656,0.573341952144176
261,Ilkley,36.0,Ilkley Grammar School,106.6,56.4,35.42752150031207,0.5724784996879322,56.288570266337445,0.11142973366255404,35.40205667052919,20.997943329470807,0.5724784996879322
152,St Albans,50.3,Sandringham School,108.0,64.6,50.85500435032995,-0.555004350329952,60.07152585869909,4.528474141300904,42.41169893493907,22.188301065060926,0.555004350329952
331,Hatfield,28.3,Chancellor's School,105.5,52.9,28.842620283841,-0.5426202838409999,53.31624801519615,-0.4162480151961532,29.89448060563575,23.00551939436425,0.5426202838409999
244,Bristol,37.9,Bristol Free School,107.9,58.0,38.43776205641312,-0.537762056413122,59.80131474495897,-1.8013147449589724,41.911010201766885,16.088989798233115,0.537762056413122
46,Ilford,74.4,Ilford County High School,114.1,77.4,74.93692879913841,-0.5369287991384084,76.55440379684615,0.8455962031538604,72.9537116584388,4.4462883415612,0.5369287991384084
297,York,32.2,All Saints Catholic School York,105.8,54.4,31.664720805185752,0.535279194814251,54.126881356416504,0.27311864358349425,31.396546805152184,23.003453194847815,0.535279194814251
84,High Wycombe,66.5,John Hampden Grammar School,112.4,73.2,67.03504733937312,-0.5350473393731221,71.9608148632642,1.2391851367357987,64.44200319451272,8.75799680548728,0.5350473393731221
144,Woking,51.2,Gordon's School,107.7,64.5,50.66686431557365,0.5331356844263553,59.26089251747874,5.239107482521263,40.90963273542263,23.590367264577367,0.5331356844263553
229,York,39.6,Fulford School,107.6,58.9,40.13102236921996,-0.5310223692199614,58.99068140373856,-0.09068140373856437,40.40894400225045,18.491055997749548,0.5310223692199614
45,Amersham,74.6,Dr Challoner's Grammar School,112.6,77.5,75.1250688338947,-0.5250688338947072,72.50123709074438,4.998762909255618,65.44338066085697,12.056619339143026,0.5250688338947072
359,Thornbury,25.0,The Castle School,104.3,50.6,24.51539948444575,0.48460051555424855,50.0737146503148,0.5262853496852031,23.886215807570238,26.713784192429763,0.48460051555424855
29,Liverpool,80.5,The Blue Coat School,115.4,80.1,80.01670973755891,0.48329026244108775,80.06714827546767,0.032851724532321214,79.46266518967661,0.6373348103233809,0.48329026244108775
21,Sutton,85.2,Sutton Grammar School,115.1,82.6,84.72021060646681,0.4797893935331956,79.25651493424726,3.3434850657527306,77.96059899016018,4.6394010098398155,0.4797893935331956
35,Little Chalfont,76.9,Dr Challoner's High School,113.4,78.2,76.44204907718891,0.4579509228110936,74.66292600066532,3.5370739993346803,69.44889052623398,8.751109473766022,0.4579509228110936
398,Plymouth,16.5,Plymstock School,104.1,46.1,16.04909792041154,0.4509020795884595,49.533292422834506,-3.433292422834505,22.884838341225986,23.215161658774015,0.4509020795884595
246,Leatherhead,37.8,Howard of Effingham School,108.1,57.9,38.249622021656805,-0.44962202165680765,60.34173697243915,-2.441736972439152,42.91238766811114,14.987612331888862,0.44962202165680765
226,Stourbridge,39.8,Old Swinford Hospital,107.5,58.5,39.3784622301947,0.42153776980529756,58.7204702899985,-0.22047028999850227,39.90825526907838,18.59174473092162,0.42153776980529756
187,London,45.4,The St Marylebone CofE School,107.9,61.5,45.022663272884174,0.377336727115825,59.80131474495897,1.6986852550410276,41.911010201766885,19.588989798233115,0.377336727115825
34,Woodford Green,77.0,Woodford County High School,114.8,78.3,76.63018911194523,0.36981088805477214,78.44588159302697,-0.1458815930269708,76.45853279064374,1.841467209356253,0.36981088805477214
283,Wotton-under-Edge,34.1,Katharine Lady Berkeley's School,106.9,55.5,33.734261187505226,0.3657388124947758,57.0992036075578,-1.5992036075577971,36.904122870045626,18.595877129954374,0.3657388124947758
191,London,45.0,Ursuline High School Wimbledon,107.3,61.3,44.64638320337154,0.353616796628458,58.18004806251827,3.11995193748173,38.90687780273413,22.393122197265868,0.353616796628458
58,Beaconsfield,72.9,Beaconsfield High School,113.3,76.5,73.24366848633154,-0.3436684863315378,74.3927148869252,2.107285113074795,68.9482017930618,7.5517982069382015,0.3436684863315378
294,Lincoln,32.5,The Priory Academy LSST,107.7,55.0,32.79356101372365,-0.2935610137236466,59.26089251747874,-4.260892517478737,40.90963273542263,14.090367264577367,0.2935610137236466
304,Solihull,31.0,Alderbrook School,105.1,53.9,30.72402063140416,0.2759793685958414,52.23540356023568,1.664596439764317,27.891725672947246,26.008274327052753,0.2759793685958414
59,Aylesbury,72.6,Aylesbury High School,113.9,76.3,72.86738841681891,-0.26738841681891756,76.01398156936591,0.28601843063408694,71.95233419209467,4.347665807905329,0.26738841681891756
307,Bath,30.8,Ralph Allen School,106.3,53.8,30.535880596647843,0.2641194033521579,55.47793692511709,-1.6779369251170948,33.89999047101276,19.90000952898724,0.2641194033521579
139,London,52.6,Lady Margaret School,110.2,65.4,52.360124628380504,0.23987537161949746,66.01617036098162,-0.6161703609816129,53.42685106472584,11.973148935274168,0.23987537161949746
31,Kingston upon Thames,78.1,Tiffin School,115.0,79.2,78.32344942475207,-0.22344942475207574,78.9863038205072,0.21369617949279984,77.459910256988,1.7400897430120068,0.22344942475207574
163,London,48.0,Grey Court School,108.1,63.2,48.22104386374154,-0.22104386374154217,60.34173697243915,2.8582630275608523,42.91238766811114,20.287612331888866,0.22104386374154217
91,Bournemouth,64.0,Bournemouth School for Girls,113.3,71.7,64.21294681802839,-0.2129468180283851,74.3927148869252,-2.6927148869252022,68.9482017930618,2.7517982069382043,0.2129468180283851
330,Milton Keynes,28.3,Oakgrove School,106.4,52.5,28.09006014481575,0.20993985518424907,55.74814803885721,-3.2481480388572095,34.40067920418494,18.09932079581506,0.20993985518424907
259,Nottingham,36.2,The Becket School,107.2,56.9,36.36822167409365,-0.16822167409364397,57.90983694877815,-1.0098369487781511,38.40618906956195,18.493810930438052,0.16822167409364397
44,Westcliff-on-Sea,74.9,Westcliff High School for Boys Academy,113.8,77.3,74.74878876438207,0.1512112356179358,75.74377045562579,1.5562295443742045,71.45164545892248,5.848354541077512,0.1512112356179358
298,Liverpool,31.8,Formby High School,105.9,54.4,31.664720805185752,0.13527919481424888,54.39709247015662,0.0029075298433767216,31.897235538324367,22.502764461675632,0.13527919481424888
132,Watford,54.3,Watford Grammar School for Boys,109.9,66.5,54.42966501069996,-0.1296650106999664,65.20553701976127,1.294462980238734,51.92478486520952,14.575215134790483,0.1296650106999664
313,Reading,30.1,Highdown School and Sixth Form Centre,106.4,53.5,29.97146049237891,0.1285395076210918,55.74814803885721,-2.2481480388572095,34.40067920418494,19.09932079581506,0.1285395076210918
78,Altrincham,68.1,Saint Ambrose College,112.0,73.7,67.9757475131547,0.12425248684529322,70.87997040830368,2.8200295916963256,62.43924826182422,11.260751738175784,0.12425248684529322
373,London,22.9,Queens Park Community School,106.3,49.8,23.01027920639521,-0.11027920639521227,55.47793692511709,-5.677936925117095,33.89999047101276,15.90000952898724,0.11027920639521227
321,Marlborough,29.7,St John's Marlborough,106.2,53.4,29.78332045762258,-0.08332045762258034,55.207725811376974,-1.8077258113769759,33.39930173784069,20.00069826215931,0.08332045762258034
71,Plymouth,71.1,Devonport High School for Girls,113.7,75.4,71.1741281040121,-0.07412810401210379,75.47355934188568,-0.07355934188566948,70.95095672575042,4.44904327424959,0.07412810401210379
248,London,37.8,The Green School for Girls,106.9,57.7,37.87334195214417,-0.07334195214417605,57.0992036075578,0.6007963924422057,36.904122870045626,20.795877129954377,0.07334195214417605
224,Surbiton,40.0,Tolworth Girls' School and Sixth Form,106.0,58.8,39.94288233446363,0.05711766553636721,54.66730358389674,4.132696416103258,32.397924271496436,26.40207572850356,0.05711766553636721
113,Torquay,58.7,Torquay Girls Grammar School,112.6,68.8,58.75688581009523,-0.05688581009522409,72.50123709074438,-3.7012370907443852,65.44338066085697,3.3566193391430232,0.05688581009522409
395,Richmond,19.3,Richmond School,104.4,47.8,19.247478511268895,0.05252148873110585,50.343925764054916,-2.5439257640549187,24.38690454074242,23.413095459257576,0.05252148873110585
341,London,27.0,East Barnet School,106.3,51.9,26.961219936277843,0.038780063722157365,55.47793692511709,-3.5779369251170934,33.89999047101276,18.000009528987242,0.038780063722157365
80,Alcester,67.0,Alcester Grammar School,113.7,73.2,67.03504733937312,-0.0350473393731221,75.47355934188568,-2.2735593418856723,70.95095672575042,2.249043274249587,0.0350473393731221
172,Chertsey,47.1,"Salesian School, Chertsey",107.5,62.6,47.09220365520365,0.007796344796354049,58.7204702899985,3.879529710001499,39.90825526907838,22.69174473092162,0.007796344796354049
