Rank,School,Town,Type,A-level(%A*),A-level(% A*/A),A-level(%A*/B),A-level_rank,GCSE_(%9/8/7),GCSE_rank,FINAL URL ,corrected name,KS2ASS,ATT8SCR
1,The Henrietta Barnett School,London,Selective (100%),43,81.4,95.2,1,96.9,1,138051,The Henrietta Barnett School,117,86.4
2,"Queen Elizabeth's School, Barnet",London,Selective (100%),52.7,85.2,95.2,1=,96.6,2,136290,"Queen Elizabeth's School, Barnet",116.5,86.6
4,St Olave's Grammar School,Orpington,Selective (100%),37.1,74.8,93.4,4,95.1,3,101676,St Olave's and St Saviour's Grammar School,115.9,85.8
3,Wilson's School,Wallington,Selective (100%),39,77.8,93.6,3,94.6,4,136621,Wilson's School,115.9,85.6
6,The Tiffin Girls' School,Kingston upon Thames,Selective (100%),38.3,71.6,90.7,9,94.1,5,136615,The Tiffin Girls' School,116.4,84.8
5,Pate's Grammar School,Cheltenham,Selective (100%),36.5,73,92.3,6,91.9,6,136353,Pate's Grammar School,116.3,83.7
8,Altrincham Grammar School for Girls,Altrincham,Selective (100%),30.5,67.6,89,15,90.4,7,137289,Altrincham Grammar School for Girls,115.1,81.6
7,Colchester Royal Grammar School,Colchester,Selective (100%),32.8,72.6,92.2,7,90.2,8,149899,Colchester Royal Grammar School,115.6,83.4
9,"King Edward VI Grammar School, Chelmsford",Chelmsford,Selective (100%),34.6,70.5,89.1,14,89.7,9,136642,"King Edward VI Grammar School, Chelmsford",115.8,83.6
28,Kendrick School,Reading,Selective (100%),23.4,58.1,79,61,89.3,10,136448,Kendrick School,116,84.4
127,"King David High School, Liverpool",Liverpool,Partially selective (15%),-,-,54.2,325=,88.9,11,104703,King David High School,106.4,55.3
10,King Edward VI Camp Hill School for Girls,Birmingham,Selective (100%),30.5,68.4,89.8,13,88,12,137044,King Edward VI Camp Hill School for Girls,115.6,82.3
21,King Edward VI Camp Hill School for Boys,Birmingham,Selective (100%),32,62.8,82.9,44,87.4,13,137045,King Edward VI Camp Hill School for Boys,115.5,83.3
45,Sutton Coldfield Grammar School for Girls,Sutton Coldfield,Selective (100%),19.5,51,73.5,109,86.6,14,136778,Sutton Coldfield Grammar School for Girls,114.8,80.9
11,"King Edward VI School, Stratford",Stratford-upon-Avon,Selective (100%),28.2,67.6,90.1,10,86.3,15,137302,King Edward VI School,114.6,81.7
97,Colchester County High School for Girls,Colchester,Selective (100%),13.4,36.3,61.6,235,86.2,16,137515,Colchester County High School for Girls,115.1,80.8
17,The Latymer School,London,Selective (100%),31,68,86.6,21,86,17,102055,The Latymer School,116.1,81
12,Reading School,Reading,Selective (100%),33.1,72.2,90,11,85.7,18,136449,Reading School,115.6,81.1
18,Stratford Girls' Grammar School,Stratford-upon-Avon,Selective (100%),24.4,62.5,86.7,20,85.7,18,137235,Stratford Girls' Grammar School,114.5,79.9
19,Colyton Grammar School,Colyton,Selective (100%),32.2,65.4,86.2,22,85.3,20,136366,Colyton Grammar School,114.7,79.8
20,Chelmsford County High School for Girls,Chelmsford,Selective (100%),21.1,58.9,84.5,34,85.3,20,136412,Chelmsford County High School for Girls,115.8,80.6
30,Sutton Grammar School,Sutton,Selective (100%),20.8,57,80.8,53,85.2,22,136787,Sutton Grammar School,115.1,82.6
16,"St Michael's RC Grammar School, Finchley",London,Selective (100%),23.3,61.6,88.2,16,84.1,23,101361,St Michael's Catholic Grammar School,114.5,79.3
42,Nonsuch High School for Girls,Cheam,Selective (100%),15.5,48.2,76.2,76=,83.8,24,136795,Nonsuch High School for Girls,115,81.3
22,Newstead Wood School,Orpington,Selective (100%),22.5,58.2,84.6,33,83.7,25,136551,Newstead Wood School,114.5,80.2
25,The Judd School,Tonbridge,Selective (100%),22.8,58.4,83.2,38,82.2,26,118843,The Judd School,114.4,78.4
14,Tonbridge Grammar School,Tonbridge,Selective (100%),22.7,63.9,90,11,81.7,27,136417,Tonbridge Grammar School,115,79.3
24,Altrincham Grammar School for Boys,Altrincham,Selective (100%),28.1,65,84.8,31,81.5,28,136458,Altrincham Grammar School for Boys,113.6,79.9
38,Wallington High School for Girls,Wallington,Selective (100%),20.3,56,79.9,56,81.1,29,136789,Wallington High School for Girls,114.6,79.3
37,The Liverpool Blue Coat School,Liverpool,Selective (100%),23.6,56.8,81.5,51=,80.5,30,137916,The Blue Coat School,115.4,80.1
80,Heckmondwike Grammar School,Heckmondwike,Selective (100%),16.8,42.5,68.5,152,78.4,31,136283,Heckmondwike Grammar School,114.2,78.1
13,Tiffin School,Kingston upon Thames,Selective (100%),31.2,71.2,92.6,5,78.1,32,136910,Tiffin School,115,79.2
14,Dartford Grammar School,Dartford,Selective (100%),25.4,70.7,91.9,8,77.9,33,136359,Dartford Grammar School,113.5,78.4
76,Denmark Road High School,Gloucester,Selective (100%),12.6,37.7,69.5,145,77.5,34,136666,Denmark Road High School,113.7,77
64,Woodford County High School,Woodford Green,Selective (100%),17,-,74,99,77,35,102852,Woodford County High School,114.8,78.3
38,Dr Challoner's High School,Little Chalfont,Selective (100%),23.2,53.7,82,49,76.9,36,137219,Dr Challoner's High School,113.4,78.2
23,Loreto Grammar School,Altrincham,Selective (100%),19.9,55.5,87.4,17,76.5,37,138464,Loreto Grammar School,113.4,76.3
44,Sir Thomas Rich's School,Gloucester,Selective (100%),18,50.3,79.9,56,76,38,136306,Sir Thomas Rich's School,113.7,76.9
36,King Edward VI Five Ways School,Birmingham,Selective (100%),0,57,84,36,76,38,137046,King Edward VI Five Ways School,114.9,77.1
74,King Edward VI Handsworth School,Birmingham,Selective (100%),10.3,38.1,71,126,75.9,40,137047,King Edward VI Handsworth School,114.3,77.3
32,Friends' School Lisburn,Lisburn,Selective (100%),21.5,52.9,85.1,28,75.5,41,999999,not an English school,#N/A,#N/A
31,Langley Grammar School,Langley,Selective (100%),27,59.9,85.5,26,75.1,42,136521,Langley Grammar School,114.4,76.7
29,Chesham Grammar School,Chesham,Selective (100%),19.6,55,86.1,23,75.1,42,137091,Chesham Grammar School,113.8,76.7
65,Sullivan Upper School,Holywood,Selective (100%),11.3,46.5,74.5,93=,75.1,42,999999,not an English school,#N/A,#N/A
40,Westcliff High School for Boys,Westcliff-on-Sea,Selective (100%),22,57.2,83,41=,74.9,45,136272,Westcliff High School for Boys Academy,113.8,77.3
33,Dr Challoner's Grammar School,Amersham,Selective (100%),27.7,61.8,85.4,27,74.6,46,136419,Dr Challoner's Grammar School,112.6,77.5
141,Ilford County High School,Ilford,Selective (100%),7.3,30.8,59.3,265,74.4,47,102850,Ilford County High School,114.1,77.4
26,Dame Alice Owen's School,Potters Bar,Partially selective (37.5%),29.4,63.3,87,18,74.3,48,136554,Dame Alice Owen's School,112.4,73.5
58,Southend High School for Girls,Southend-on-Sea,Selective (100%),9.9,38.5,76.5,73,74.1,49,136444,Southend High School for Girls,114,75.8
62,Lawrence Sheriff School,Rugby,Selective (100%),14.3,47.2,76.1,80,73.7,50,141277,Lawrence Sheriff School,113.8,77.1
27,Wallington County Grammar School,Wallington,Selective (100%),24.9,62.9,86.9,19,73.7,50,136798,Wallington County Grammar School,113.9,77.7
68,Stroud High School,Stroud,Selective (100%),12,41.8,73.8,105,73.5,52,136874,Stroud High School,113.1,74.9
71,Chislehurst and Sidcup Grammar School,Sidcup,Selective (100%),14.2,41.8,72.8,118,73.4,53,137423,Chislehurst and Sidcup Grammar School,113.9,76
122,Upton Court Grammar School,Slough,Selective (100%),13.9,36.9,62.4,226,73.3,54,136420,Upton Court Grammar School,114.5,77.6
42,Bishop Vesey's Grammar School,Sutton Coldfield,Selective (100%),23,55.8,81.6,50,73.2,55,137988,Bishop Vesey's Grammar School,114,75.7
48,Sale Grammar School,Sale,Selective (100%),24,53.4,79.5,58,73,56,136498,Sale Grammar School,113.7,75.4
34,Strathearn School,Belfast,Selective (100%),19.4,55.8,85.8,25,73,56,999999,not an English school,#N/A,#N/A
102,Urmston Grammar,Manchester,Selective (100%),-,39,67,171=,73,56,136297,Urmston Grammar Academy,113.5,75.9
57,Beaconsfield High School,Beaconsfield,Selective (100%),17,48.2,77.4,68,72.9,59,140893,Beaconsfield High School,113.3,76.5
89,Aylesbury High School,Aylesbury,Selective (100%),16.1,40.3,70,136,72.6,60,136846,Aylesbury High School,113.9,76.3
109,Rugby High School,Rugby,Selective (100%),12.7,37.7,64.9,198,72.5,61,136595,Rugby High School,113.7,73.9
34,Aquinas Diocesan Grammar School,Belfast,Selective (100%),21.4,59.4,86.1,23=,72.4,62,999999,not an English school,#N/A,#N/A
72,Dartford Grammar School for Girls,Dartford,Selective (100%),12.7,41.5,73,115,72.3,63,144100,Dartford Grammar School for Girls,113.4,75.3
55,Southend High School For Boys,Southend-on-Sea,Selective (100%),11.5,42.7,78.2,62,72.3,63,136443,Southend High School for Boys,113.2,73.9
77,Townley Grammar School,Bexleyheath,Selective (100%),9.5,40.9,71.9,122,72,65,137769,Townley Grammar School,114.5,76.2
96,South Wilts Grammar School,Salisbury,Selective (100%),12.3,42.4,69.2,149,72,65,136391,South Wilts Grammar School,113.3,75
83,Wycombe High School,High Wycombe,Selective (100%),19,45,71,126,72,65,136723,Wycombe High School,113.3,75.5
59,"The Royal Grammar School, High Wycombe",High Wycombe,Selective (100%),16.9,46.1,77.4,68,71.9,68,136484,"The Royal Grammar School, High Wycombe",112,75.1
103,St Bernard's RC Grammar School,Slough,Selective (100%),11.2,33.7,67.4,166=,71.9,68,110084,St Bernard's Catholic Grammar School,113.5,76.7
69,Westcliff High School for Girls,Westcliff-on-Sea,Selective (100%),12.4,42,74.3,97,71.8,70,136490,Westcliff High School for Girls,113.8,76.9
61,Newport Girls' High School,Newport,Selective (100%),21.3,49.3,77.7,67,71.3,71,136516,Newport Girls' High School Academy,114,73.2
84,Devonport High School for Girls,Plymouth,Selective (100%),13.4,42,71.3,125,71.1,72,136588,Devonport High School for Girls,113.7,75.4
66,Wolverhampton Girls' High School,Wolverhampton,Selective (100%),17.6,45.2,75.5,85,70.9,73,140798,Wolverhampton Girls' High School,114.2,74.2
54,Sir William Borlase's Grammar School,Marlow,Selective (100%),17.1,50,79.3,59,70.8,74,136781,Sir William Borlase's Grammar School,113.9,73.8
41,"Our Lady and St Patrick's College, Knock",Belfast,Selective (100%),20,58.3,84.7,32,69.8,75,999999,not an English school,#N/A,#N/A
113,Herschel Grammar School,Slough,Selective (100%),8.4,33.7,66.1,180,69,76,137726,Herschel Grammar School,113.8,75.4
121,"Queen Mary's High School, Walsall",Walsall,Selective (100%),9.8,30.5,64.9,198=,68.7,77,136777,Queen Mary's High School,113.3,72.1
46,Bexley Grammar School,Welling,Selective (100%),12.5,45.2,82.2,48,68.6,78,136369,Bexley Grammar School,114.6,74.7
91,St Ambrose College,Altrincham,Selective (100%),12.1,40.3,72,121,68.1,79,138134,Saint Ambrose College,112,73.7
70,Aylesbury Grammar School,Aylesbury,Selective (100%),22.5,55,75.8,82,67.8,80,136884,Aylesbury Grammar School,113.4,75.7
86,Alcester Grammar School,Alcester,Selective (100%),-,41,73,115,67,81,136622,Alcester Grammar School,113.7,73.2
78,Impington Village College,Impington,Comprehensive,12.2,45.1,74.4,95=,66.9,82,137826,Impington Village College,106.5,57.9
82,Lancaster Girls' Grammar School,Lancaster,Selective (100%),16.3,45.6,73.9,102,66.8,83,136381,Lancaster Girls' Grammar School,113.3,73.7
56,Lumen Christi College,Derry,Selective (100%),17,53.6,80.7,54,66.8,83,999999,not an English school,#N/A,#N/A
90,John Hampden Grammar School,High Wycombe,Selective (100%),15.5,42,72.9,117,66.5,85,136771,John Hampden Grammar School,112.4,73.2
47,"The Skinners' School, Tunbridge Wells",Tunbridge Wells,Selective (100%),26.9,56.6,83.1,40,66,86,140595,The Skinners' School,112.3,74.1
158,The Crypt School,Gloucester,Selective (100%),12.3,34.7,60.8,245,65.7,87,136578,The Crypt School,112.7,71.1
129,"Queen Mary's Grammar School, Walsall",Walsall,Selective (100%),11.6,40.1,65.8,187=,65.4,88,136773,Queen Mary's Grammar School,113.9,74.3
52,Rathmore Grammar School,Belfast,Selective (100%),17.3,52.2,82.5,46,64.8,89,999999,not an English school,#N/A,#N/A
50,St Dominic's Grammar School for Girls,Belfast,Selective (100%),18,50.4,83,41=,64.5,90,999999,not an English school,#N/A,#N/A
147,Bournemouth School,Bournemouth,Selective (100%),14.7,41.6,62.7,219,64.1,91,137452,Bournemouth School,113,73.3
87,Bournemouth School for Girls,Bournemouth,Selective (100%),17.5,44.2,74.5,93,64,92,136996,Bournemouth School for Girls,113.3,71.7
118,Sir Henry Floyd Grammar School,Aylesbury,Selective (100%),13.6,38.7,67.9,157,63.8,93,136845,Sir Henry Floyd Grammar School,113,70.8
107,"Rainey Endowed School, Magherafelt",Magherafelt,Selective (100%),10.2,36.7,69.9,140,63.8,93,999999,not an English school,#N/A,#N/A
85,Bishop Wordsworth's School,Salisbury,Selective (100%),18.7,46.4,74.9,91,63.4,95,136500,Bishop Wordsworth's Church of England Grammar School,113.1,72.3
53,"St Mary's Grammar School, Magherafelt",Magherafelt,Selective (100%),17.8,51.5,83.2,38=,63.3,96,999999,not an English school,#N/A,#N/A
171,Clitheroe Royal Grammar School,Clitheroe,Selective (100%),9,31.9,59,267,63,97,136390,Clitheroe Royal Grammar School,113.5,72.8
63,Tunbridge Wells Girls' Grammar School,Tunbridge Wells,Selective (100%),17.1,49.3,81.5,51,62.7,98,118789,Tunbridge Wells Girls' Grammar School,111.1,70.1
49,The Rochester Grammar School,Rochester,Selective (100%),14.3,49.5,84.1,35,62.5,99,136313,The Rochester Grammar School,112.5,71.6
111,Invicta Grammar School,Maidstone,Selective (100%),11.7,35.6,69.7,141,62.3,100,136582,Invicta Grammar School,112,71.1
78,Ballymena Academy,Ballymena,Selective (100%),12.6,44.7,76.8,71,62,101,999999,not an English school,#N/A,#N/A
114,Lancaster Royal Grammar School,Lancaster,Selective (100%),15.5,40.1,69.6,143,61.8,102,136742,Lancaster Royal Grammar School,112.6,72
208,Beths Grammar School,Bexley,Selective (100%),6.4,24.9,54.8,321,61.6,103,136334,Beths Grammar School,113.4,72
59,Tauheedul Islam Girls' High School and Sixth Form College,Blackburn,Comprehensive,15.2,54.3,82.7,45,61.2,104,141565,Tauheedul Islam Girls' High School,106.5,70.8
95,Haberdashers' Adams,Newport,Selective (100%),-,47,75,88,61,105,137446,Haberdashers' Adams,113.4,71.2
152,Weald of Kent Grammar School,Tonbridge,Selective (100%),8.3,31.4,64.4,205,60.2,106,136455,Weald of Kent Grammar School,111.6,70.1
143,Alexandra Park School,London,Comprehensive,-,35,66,184,60,107,137531,Alexandra Park School,107.3,61.2
51,St Louis Grammar School,Ballymena,Selective (100%),-,-,85,29=,60,107,999999,not an English school,#N/A,#N/A
175,Royal School Armagh,Armagh,Selective (100%),-,35.2,60.1,252=,60,107,999999,not an English school,#N/A,#N/A
133,Marling School,Stroud,Selective (100%),13.6,37.1,68.1,155,59.5,110,137123,Marling School,112.3,71.3
116,Dalriada School,Ballymoney,Selective (100%),14.8,40.7,70.4,133=,59.4,111,999999,not an English school,#N/A,#N/A
93,Parmiter's School,Watford,Partially selective (35%),16.9,49.9,76.2,76,59.3,112,136899,Parmiter's School,110.4,68.3
138,"Waldegrave School, Twickenham",London,Comprehensive,9.9,35.7,67.5,164=,58.9,113,138461,Waldegrave School,108.7,64
99,Torquay Girls' Grammar School,Torquay,Selective (100%),17.9,43.9,75,88=,58.7,114,136506,Torquay Girls Grammar School,112.6,68.8
104,Caistor Grammar School,Caistor,Selective (100%),27.5,53.5,73.3,111=,58.7,114,136350,Caistor Grammar School,112.3,71.1
162,Poole Grammar School,Poole,Selective (100%),11.8,35.6,63.4,213,58.6,116,136850,Poole Grammar School,113,71
97,Belfast Royal Academy,Belfast,Selective (100%),13.3,43.9,75.8,82=,57.8,117,999999,not an English school,#N/A,#N/A
101,The Cardinal Vaughan Memorial School,London,Comprehensive,16.6,45.4,75.2,86=,57.8,117,141931,The Cardinal Vaughan Memorial RC School,109.2,67.4
119,Burnham Grammar School,Burnham,Selective (100%),13.6,38.5,70.8,130,57.1,119,137564,Burnham Grammar School,111.8,69.9
124,Dane Court Grammar School,Broadstairs,Selective (100%),13.3,38.4,70.4,133,56.7,120,136585,Dane Court Grammar School,111.5,68.6
188,King Edward VI Aston School,Birmingham,Selective (100%),8.5,34.2,59.7,261,56.5,121,137043,King Edward VI Aston School,113.9,69.3
150,Rosebery School,Epsom,Comprehensive,14.5,37.8,66.4,176,56.3,122,137736,Rosebery School,108.1,62.6
132,The Grey Coat Hospital,London,Partially selective (10%),13.3,41.1,70.1,135,56.2,123,138313,The Grey Coat Hospital,108.9,66.6
92,"The King's School, Grantham",Grantham,Selective (100%),20.9,49.4,78.1,63,55.8,124,137166,"The King's School, Grantham",110.4,70.7
139,Kesteven and Grantham Girls' School,Grantham,Selective (100%),15,35.9,68.9,150,55.6,125,138638,Kesteven and Grantham Girls' School,110.3,69.5
100,Sir Joseph Williamson's Mathematical School,Rochester,Selective (100%),18.3,46.3,76.6,72,55.3,126,136662,Sir Joseph Williamson's Mathematical School,111.2,70.3
108,Hasmonean High School for Girls,London,Comprehensive,17,52,74,99,55,127,147238,Hasmonean High School for Girls,107.4,62.1
112,Omagh Academy,Omagh,Selective (100%),12.6,42.1,73.4,110,54.8,128,999999,not an English school,#N/A,#N/A
88,Camden School for Girls,London,Partially selective (7%),20,53,79.1,60,54.6,129,100054,The Camden School for Girls,110,65.4
165,Highworth Grammar School,Ashford,Selective (100%),11.1,32.4,64.6,203,54.4,130,136379,Highworth Grammar School,111.4,68.8
159,Watford Grammar School for Girls,Watford,Partially selective (35%),17.5,38.9,65.8,187,54.4,130,136289,Watford Grammar School for Girls,109.9,66.9
144,Methodist College Belfast,Belfast,Selective (100%),11.1,36.5,67.9,157=,54.4,130,999999,not an English school,#N/A,#N/A
123,Watford Grammar School for Boys,Watford,Partially selective (35%),18.5,48.5,71.7,123,54.3,133,136276,Watford Grammar School for Boys,109.9,66.5
146,Ripon Grammar School,Ripon,Selective (100%),15.3,41.7,67.8,160,54.2,134,121694,Ripon Grammar School,110.5,69.1
172,Bourne Grammar School,Bourne,Selective (100%),11,33.4,63.3,214,54.1,135,137793,Bourne Grammar School,111.1,68.1
217,North Halifax Grammar School,Halifax,Selective (100%),6.7,26,56.7,300=,54,136,136788,The North Halifax Grammar School,113.3,68.4
154,Cranbrook School,Cranbrook,Selective (100%),12.6,36.6,67.4,166,53.8,137,137739,Cranbrook School,110.9,69.1
73,"St Paul's School for Girls, Edgbaston",Birmingham,Comprehensive,12.1,46.5,82.3,47,53.3,138,103531,St Paul's School for Girls,107.3,65.1
214,Devonport High School for Boys,Plymouth,Selective (100%),-,-,58,283,53.1,139,136496,Devonport High School for Boys,112.9,68.9
119,Lady Margaret School,London,Comprehensive,14.1,45.7,73.1,113,52.6,140,138607,Lady Margaret School,110.2,65.4
165,The Holt School,Wokingham,Comprehensive,11.9,35.1,66,184,51.7,141,136880,The Holt School,108.4,64.6
106,Carrickfergus Grammar School,Carrickfergus,Selective (100%),7.7,37.4,76.2,76=,51.6,142,999999,not an English school,#N/A,#N/A
67,"St Andrew's RC School, Leatherhead",Leatherhead,Comprehensive,17,53.4,85,29=,51.6,142,125275,St Andrew's Catholic School,107.1,64.3
191,The Langton Grammar School for Boys,Canterbury,Selective (100%),12.7,34.3,61.9,231,51.4,144,118884,Simon Langton Grammar School for Boys,112.3,66
141,"Gordon's School, Woking",Woking,Comprehensive,13,39.6,70.9,129,51.2,145,139151,Gordon's School,107.7,64.5
205,The Hertfordshire and Essex High School and Science College,Bishop's Stortford,Partially selective (10%),7.6,29.5,60.8,245=,51.1,146,140786,The Hertfordshire & Essex High School and Science College,109.1,63.3
75,West London Free School,London,Partially selective (9%),-,52,83,41,51,147,136750,West London Free School,108,63.8
115,Mossbourne Community Academy,London,Comprehensive,18,-,75,88,51,147,134693,Mossbourne Community Academy,105.3,64
202,Wembley High Technology College,London,Comprehensive,-,35,61,241=,51,147,138457,Wembley High Technology College,106.5,65
207,Roundwood Park School,Harpenden,Comprehensive,9.1,32.6,60.5,247,50.8,150,136973,Roundwood Park School,108.4,62.5
205,West Kirby Grammar School,West Kirby,Selective (100%),10.1,34.4,61,241=,50.8,150,137243,West Kirby Grammar School,112.2,68.3
94,JCoss (Jewish Community Secondary School),London,Comprehensive,20.8,48.8,80.5,55,50.4,152,135747,JCoSS,107.2,61.1
105,Sandringham School,St Albans,Comprehensive,15.8,46,77.3,70,50.3,153,136609,Sandringham School,108,64.6
148,Portadown College,Portadown,Selective (100%),13.3,37.1,69.5,145=,50.3,153,999999,not an English school,#N/A,#N/A
149,The Wallace High School,Lisburn,Selective (100%),9.5,37.4,69.5,145=,50.1,155,999999,not an English school,#N/A,#N/A
125,"St Peter's RC School, Guildford",Guildford,Comprehensive,17.6,45.7,73.8,105=,50,156,147430,St Peter's Catholic School,107.4,63.5
195,Parliament Hill School,London,Comprehensive,13.1,33.8,62.5,223,49.9,157,100050,Parliament Hill School,107.4,58.8
137,Parkstone Grammar School,Poole,Selective (100%),13.8,38.5,72.4,120,49.6,158,136368,Parkstone Grammar School,112,67.8
225,"Sacred Heart High School, Hammersmith",London,Comprehensive,-,24,58,283=,49.2,159,137935,Sacred Heart High School,108.6,63.1
210,The Kingston Academy,Kingston upon Thames,Comprehensive,11.5,32.5,61.1,239,48.6,160,141862,The Kingston Academy,105.9,62.1
155,St Mark's RC School,London,Comprehensive,8.6,34.8,70,136=,48.4,161,137995,St Mark's Catholic School,106.9,64.7
131,The Royal School Dungannon,Dungannon,Selective (100%),15.8,42.3,74.3,97=,48,162,999999,not an English school,#N/A,#N/A
197,Orleans Park,London,Comprehensive,12,30,63,216=,48,162,138651,Orleans Park School,108.5,64.1
184,Grey Court School,London,Comprehensive,-,35,65,194=,48,162,138825,Grey Court School,108.1,63.2
130,Ballyclare High School,Ballyclare,Selective (100%),13.6,38.2,74.4,95=,47.9,165,999999,not an English school,#N/A,#N/A
304,Mayfield Grammar School,Gravesend,Selective (100%),2.5,18.4,48.5,361=,47.9,165,137834,"Mayfield Grammar School, Gravesend",111.1,65.3
201,Skipton Girls' High School,Skipton,Selective (100%),11.7,35.7,62.7,219,47.8,167,136664,Skipton Girls' High School,111.5,66.9
81,JFS,Harrow,Comprehensive,25,55.7,83.6,37,47.8,167,133724,JFS,106.8,63.7
136,St George's School,Harpenden,Comprehensive,18.3,46.5,73.9,102,47.5,169,138356,St George's School,109.1,64.2
220,Graveney School,London,Partially selective (25%),10.7,31.2,59.7,261,47.3,170,137005,Graveney School,107.9,61.9
117,St Clement Danes School,Rickmansworth,Partially selective (20%),16.4,44.8,76.3,74,47.2,171,136901,St Clement Danes School,109,63.8
191,The Fulham Boys School,London,Partially selective (12%),12.9,31.6,64.1,207,47.1,172,141135,The Fulham Boys School,107,62
168,Salesian School,Chertsey,Comprehensive,11.5,32.3,67.5,164=,47.1,172,143367,"Salesian School, Chertsey",107.5,62.6
231,Torquay Boys' Grammar School,Torquay,Selective (100%),12.6,37.1,58.6,275,47,174,136321,Torquay Boys' Grammar School,111.9,66.9
244,Chatham and Clarendon Grammar School,Ramsgate,Selective (100%),-,30,57,296,47,174,136382,Chatham & Clarendon Grammar School,111.4,64.5
145,Limavady Grammar School,Limavady,Selective (100%),9.8,39.6,71.7,123=,46.7,176,999999,not an English school,#N/A,#N/A
240,Barton Court Grammar School,Canterbury,Selective (100%),-,-,58,283,46,177,137474,Barton Court Grammar School,111.4,66
216,Hasmonean High School for Boys,London,Comprehensive,17,41,61,241,46,177,137539,Hasmonean High School for Boys,106.5,59
284,Spalding High School,Spalding,Selective (100%),-,-,52,339,46,177,120642,Spalding High School,110.3,65.1
292,Plymouth High School for Girls,Plymouth,Selective (100%),4.9,21.6,51.1,346,46,177,148369,Plymouth High School for Girls,111.8,65.3
110,Twyford CofE High School,London,Partially selective (10%),-,48,78,65,46,177,137546,Twyford Church of England High School,107.5,63.5
197,"Glenthorne High School, Sutton",Sutton,Partially selective (10%),-,28,64,208=,46,177,136914,Glenthorne High School,107.8,60.8
225,Churston Ferrers Grammar School,Brixham,Selective (100%),7.6,28.2,59.7,261=,45.9,183,136388,Churston Ferrers Grammar School Academy,112.4,66
317,Guildford County School,Guildford,Comprehensive,7.9,27.1,47.7,369,45.8,184,139193,Guildford County School,107.4,60.9
140,Enniskillen Royal Grammar School,Enniskillen,Selective (100%),10.8,39.1,73.8,105=,45.7,185,999999,not an English school,#N/A,#N/A
157,"St John the Baptist School, Woking",Woking,Comprehensive,14.4,43.8,71,126=,45.6,186,143369,"St John the Baptist Catholic Comprehensive School, Woking",107.4,60.5
193,Ashmole Academy,London,Partially selective (8%),9.8,31.7,64.8,202,45.5,187,136308,Ashmole Academy,107.6,62.2
126,The St Marylebone CofE School,London,Partially selective (10%),16,43,76,81,45.4,188,137353,The St Marylebone CofE School,107.9,61.5
283,Maidstone Grammar School for Girls,Maidstone,Selective (100%),8,25.2,52.5,336,45.3,189,118836,Maidstone Grammar School for Girls,110.8,66.3
177,High Storrs School,Sheffield,Comprehensive,13.3,34.1,67.1,170,45.3,189,145455,High Storrs School,107.3,61.1
202,Hinchley Wood School,Esher,Comprehensive,14,37,64,208,45,191,137855,Hinchley Wood School,107.9,60.6
238,"Ursuline High School, Wimbledon",London,Comprehensive,-,27,58.8,273=,45,191,102683,Ursuline High School Wimbledon,107.3,61.3
187,Calday Grange Grammar School,West Kirby,Selective (100%),12.9,38.8,65.8,187=,44.7,193,139144,Calday Grange Grammar School,111.3,64.7
243,Maidstone Grammar School,Maidstone,Selective (100%),4.7,21.2,58.6,275,44.5,194,118835,Maidstone Grammar School,111.3,66.6
307,Teddington School,London,Comprehensive,8.4,25.8,49.5,356=,44.3,195,138460,Teddington School,106,53.6
232,"Balcarras School, Cheltenham",Cheltenham,Comprehensive,8.6,29.8,59.8,259=,44.2,196,136474,Balcarras School,108,62.4
222,Maiden Erlegh School,Reading,Comprehensive,-,33,61,241,44,197,136637,Maiden Erlegh School,106.7,58.5
133,Cowbridge School,Cowbridge,Comprehensive,26.5,51.4,75.8,82=,44,197,999999,not an English school,#N/A,#N/A
160,St Thomas the Apostle School and Sixth Form College,London,Comprehensive,12.4,39.8,70.7,131,44,197,100857,The St Thomas the Apostle College,104.3,60.5
252,St Richard Reynolds RC College,London,Comprehensive,9.6,29.2,57.8,288=,43.2,200,149297,St Richard Reynolds Catholic High School,106.9,58.7
135,Kesteven and Sleaford High School,Sleaford,Selective (100%),17.2,46.4,76.2,76=,43.1,201,137667,Kesteven and Sleaford High School Selective Academy,109.8,65.3
180,Didcot Girls' School,Didcot,Comprehensive,11.1,33.3,67.8,160,43,202,138490,Didcot Girls' School,106,58.8
186,Prendergast School,London,Partially selective (10%),-,35,67,171,43,202,150319,Prendergast School,0,0
236,Clapton Girls' Academy,London,Comprehensive,-,31,60,254,43,202,137442,Clapton Girls' Academy,105.9,57.8
202,Olchfa School,Swansea,Comprehensive,-,-,65,194=,43,202,999999,not an English school,#N/A,#N/A
178,Kings Norton Girls' School and Sixth Form,Birmingham,Comprehensive,-,36,68,156,43,202,136590,Kings Norton Girls' School,106.6,57.8
194,Northampton School for Boys,Northampton,Partially selective (10%),12.3,37.5,66.1,180,42.9,207,136299,Northampton School for Boys,107.1,61.6
190,"The King's (The Cathedral) School, Peterborough",Peterborough,Partially selective (10%),12.9,37,66.3,178=,42.9,207,136398,The King's (The Cathedral) School,108.1,61.9
251,The Cherwell School,Oxford,Comprehensive,13.7,33.1,58.3,278,42.5,209,137970,The Cherwell School,105.4,58.3
155,Durham Johnston Comprehensive School,Durham,Comprehensive,20.6,42.6,73.1,113,42.2,210,114312,Durham Johnston Comprehensive School,108.2,56.7
181,Sir John Lawes School,Harpenden,Comprehensive,16.8,40.8,68.3,154,41.8,211,137270,Sir John Lawes School,107.9,62.4
223,"Queen Elizabeth's Grammar School, Faversham",Faversham,Selective (100%),11.2,30,61.8,232=,41.8,211,136570,Queen Elizabeth's Grammar School,111.4,63.2
174,Silverdale School,Sheffield,Comprehensive,12.2,40.6,69.3,148,41.7,213,139167,Silverdale School,106.7,57.9
128,The London Oratory School,London,Comprehensive,18.8,46.6,77.8,66,41.6,214,137157,The London Oratory School,108.9,62.5
215,Lymm High School,Lymm,Comprehensive,12.7,34.2,63.6,212,41.4,215,138732,Lymm High School,107.5,60.1
200,Tunbridge Wells Grammar School for Boys,Tunbridge Wells,Selective (100%),-,35.5,66.1,180,41.3,216,118790,Tunbridge Wells Grammar School for Boys,110.2,64.2
263,Wirral Grammar School for Boys,Bebington,Selective (100%),-,-,56.6,303,41.3,216,137476,Wirral Grammar School for Boys,111.4,65.7
183,"Emmanuel College, Tyne and Wear",Gateshead,Partially selective (10%),7.8,34.1,68.5,152=,41.2,218,999999,not an English school,#N/A,#N/A
153,Hockerill Anglo-European College,Bishop's Stortford,Partially selective (10%),18,45.9,73.8,105,41.1,219,136482,Hockerill Anglo-European College,109,60.7
209,Bartholomew School,Witney,Comprehensive,12.7,39.1,65,194,41,220,137919,Bartholomew School,105.9,57.2
176,Cheadle Hulme High School,Stockport,Comprehensive,13.8,44.7,69.7,141=,40.5,221,137843,Cheadle Hulme High School,106.3,59.6
297,Oakwood Park Grammar School,Maidstone,Selective (100%),-,-,53,331,40.2,222,136727,Oakwood Park Grammar School,109.8,64.9
223,Tapton School,Sheffield,Comprehensive,13.8,37.1,62.7,219,40.1,223,138069,Tapton School,107.1,58.4
314,Chestnut Grove Academy,London,Partially selective (28%),7.9,24.2,50.8,350,40,224,136883,Chestnut Grove Academy,107.5,57
379,Tolworth Girls' School and Sixth Form,Surbiton,Comprehensive,-,-,40,396,40,224,137060,Tolworth Girls' School and Sixth Form,106,58.8
160,Lurgan College,Craigavon,Selective (100%),-,-,72.7,119,40,224,999999,not an English school,#N/A,#N/A
364,Old Swinford Hospital,Stourbridge,Partially selective (35%),4.7,15.8,42.6,390,39.8,227,103870,Old Swinford Hospital,107.5,58.5
212,Bishop's Hatfield Girls' School,Hatfield,Comprehensive,10,33.8,65.1,193,39.6,228,137757,Bishop's Hatfield Girls' School,107.3,56.7
211,Rainham Mark Grammar School,Gillingham,Selective (100%),13,37.4,65.3,191,39.6,228,136864,Rainham Mark Grammar School,110.8,63.2
172,Fulford School,York,Comprehensive,20.6,45.6,70.6,132,39.6,228,144711,Fulford School,107.6,58.9
179,St Albans Girls' School,St Albans,Comprehensive,17.1,38.6,69.6,143,39.5,231,137339,St Albans Girls' School,106.4,56.5
275,"Queen Elizabeth's High School, Gainsborough",Gainsborough,Selective (100%),6,28.2,56.5,304,39.2,232,120655,"The Queen Elizabeth's High School, Gainsborough",110.4,62.4
303,Borden Grammar School,Sittingbourne,Selective (100%),-,-,53,331,39,233,137800,Borden Grammar School,110.8,63.1
353,"Queen Elizabeth's Girls' School, Barnet",London,Comprehensive,5.1,16.7,44.4,382=,39,233,137131,"Queen Elizabeth's Girls' School, Barnet",106.6,59.3
272,Monk's Walk School,Welwyn Garden City,Comprehensive,6.1,26.5,56.9,297,38.8,235,138632,Monk's Walk School,105.1,50.4
233,William Perkin CofE High School,London,Partially selective (10%),7.3,28.9,62.5,223=,38.8,235,139725,William Perkin Church of England High School,106.1,59
361,Hautlieu School,St Saviour,Comprehensive,-,19.6,43.6,388,38.6,237,999999,not an English school,#N/A,#N/A
359,Brentwood Ursuline Convent High School,Brentwood,Partially selective (10%),4.1,21.1,44,386,38.4,238,138834,Brentwood Ursuline Convent High School,107.6,62.7
181,The Elms Academy,London,Comprehensive,9,36,70,136,38.4,238,134815,The Elms Academy,103.5,53.6
338,The Belvedere Academy,Liverpool,Partially selective (10%),8.1,22.2,48.5,361,38.4,238,135174,The Belvedere Academy,108.5,57.1
199,Glenlola Collegiate School,Bangor,Selective (100%),6.3,28.7,67.7,163,38.3,241,999999,not an English school,#N/A,#N/A
280,Charters School,Ascot,Comprehensive,7.5,25.8,56.3,306,38.1,242,138823,Charters School,107,54.5
184,Beaumont School,St Albans,Comprehensive,-,39,70,136,38,243,138286,Beaumont School,105.8,59
320,Comberton Village College,Cambridge,Comprehensive,4.4,23.3,51.1,346,38,243,136463,Comberton Village College,106.7,55.6
256,Bristol Free School,Bristol,Comprehensive,7,-,59.8,259,37.9,245,136822,Bristol Free School,107.9,58
282,Harrogate Grammar School,Harrogate,Comprehensive,13,29.5,56.3,306,37.9,245,136497,Harrogate Grammar School,107,56.1
253,Howard of Effingham School,Leatherhead,Comprehensive,12.2,33.1,60.2,249,37.8,247,136833,Howard of Effingham School,108.1,57.9
269,Wren Academy Finchley,London,Comprehensive,-,-,57.6,291,37.8,247,135507,Wren Academy Finchley,106.9,60.7
385,The Green School for Girls,London,Comprehensive,3.9,20,40,396=,37.8,247,139989,The Green School for Girls,106.9,57.7
302,Kings Priory School,North Shields,Partially selective (10%),-,-,53.8,327,37.7,250,139658,Kings Priory School,107.3,61.1
242,St Angela's Ursuline School,London,Comprehensive,4.7,23.9,62.2,228,37.4,251,102786,St Angela's Ursuline School,107.9,57
227,Saffron Walden County High School,Saffron Walden,Comprehensive,11.1,33.9,63.8,211,37.3,252,136776,Saffron Walden County High School,107.6,56.7
195,Arden Academy,Solihull,Comprehensive,13.4,41,68.8,151,37.3,252,136333,Arden,106.8,57.7
249,Hitchin Girls' School,Hitchin,Comprehensive,8,29.3,61.2,238,37.2,254,137288,Hitchin Girls' School,107,57.8
164,Bohunt School,Liphook,Comprehensive,17.1,41.9,73.3,111,37.2,254,136643,Bohunt School,107.6,58.1
248,Kenilworth School,Kenilworth,Comprehensive,10.1,31.9,61.4,236=,37.1,256,146697,Kenilworth School and Sixth Form,105.8,54.7
344,Newlands Girls' School,Maidenhead,Comprehensive,-,-,48.5,361,37,257,142357,Newlands Girls' School,106.8,58.8
279,The Holy Cross School,New Malden,Comprehensive,8.8,26.9,56.9,297,37,257,138459,The Holy Cross School,105.7,58.5
239,Kensington Aldridge Academy,London,Partially selective (10%),6.8,32.6,62.6,222,36.9,259,140212,Kensington Aldridge Academy,107.9,55.4
351,The Becket School,Nottingham,Comprehensive,6.2,26.8,47.2,371,36.2,260,137409,The Becket School,107.2,56.9
163,Paddington Academy,London,Comprehensive,-,38,74,99,36,261,130912,Paddington Academy,106.2,58
230,Ilkley Grammar School,Ilkley,Comprehensive,12,34.2,64.5,204,36,261,136905,Ilkley Grammar School,106.6,56.4
325,Gravesend Grammar School,Gravesend,Selective (100%),6.4,24,51.7,343,36,261,137099,Gravesend Grammar School,111.1,63.2
336,"Loreto College, St Albans",St Albans,Comprehensive,-,21,50,353=,36,261,138106,Loreto College,106.9,59.4
277,Beechen Cliff School,Bath,Partially selective (7%),7.6,29.1,57.9,287,35.9,265,146972,Beechen Cliff School,107.4,57.1
347,"St Joseph's College, Stoke-on-Trent",Stoke-on-Trent,Selective (100%),7.4,24.3,48.5,361=,35.8,266,136460,St Joseph's College,108.2,62
250,Nower Hill High School,London,Comprehensive,8.8,32.2,62,229=,35.6,267,137028,Nower Hill High School,106.7,58.3
294,Presdales School,Ware,Comprehensive,8.8,26.7,55.7,314,35.2,268,137985,Presdales School,107.6,58.8
343,The St John Henry Newman RC School,Stevenage,Comprehensive,-,-,49.5,356=,35.1,269,137895,The Saint John Henry Newman Catholic School,105.7,56.8
318,George Abbot School,Guildford,Comprehensive,11,31,53,331,35,270,136906,George Abbot School,106.6,56.6
262,Wimbledon College,London,Comprehensive,6.4,27.9,59.9,257,35,270,102681,Wimbledon College,105.3,56.8
227,Holyport College,Holyport,Comprehensive,-,42,65,194,35,270,139971,Holyport College,104.9,55.3
244,Central Foundation Boys' School,London,Comprehensive,-,31,63,216,35,270,100458,Central Foundation Boys' School,105.7,54.9
287,"The King David High School, Manchester",Manchester,Comprehensive,-,-,57.3,292=,35,270,137309,The King David High School,107.5,57.8
260,The Coopers' Company and Coborn School,Upminster,Partially selective (10%),6.6,28.3,60.1,252,34.7,275,136600,The Coopers' Company and Coborn School,108.5,59.8
313,St Paul's RC College,Burgess Hill,Comprehensive,8.8,23.4,53.6,330,34.6,276,148753,St Paul's Catholic College,106.8,56.8
278,The Ecclesbourne School,Belper,Comprehensive,10.3,27.9,58.3,278,34.5,277,136505,The Ecclesbourne School,107.7,57.2
273,St Aidan's CofE High School,Harrogate,Comprehensive,10.9,31.5,59,267=,34.5,277,137139,St Aidan's Church of England High School,106.1,57.9
254,Rickmansworth School,Rickmansworth,Partially selective (35%),13.1,34.7,61.8,232,34.4,279,136606,Rickmansworth School,108.5,58
247,Outwood Academy Easingwold,York,Comprehensive,10.5,32.3,62.9,218,34.4,279,144976,Outwood Academy Easingwold,104.4,51.8
218,Wellington School,Altrincham,Comprehensive,7.1,29.6,66.3,178,34.3,281,136377,Wellington School,106.6,56.3
264,All Hallows RC School,Farnham,Comprehensive,15,37.7,60,254=,34.3,281,151190,All Hallows Catholic School,0,0
169,The Cotswold School,Bourton-on-the-Water,Comprehensive,11.9,41.5,73.9,102=,34.2,283,136292,The Cotswold Academy,106,55.2
218,Katharine Lady Berkeley's School,Wotton-under-Edge,Comprehensive,15.4,37.6,66.4,176,34.1,284,137033,Katharine Lady Berkeley's School,106.9,55.5
305,"Sacred Heart RC High School, Newcastle",Newcastle upon Tyne,Partially selective (10%),13.1,30.8,55,317=,33.9,285,137708,Sacred Heart Catholic High School,106.7,56.9
213,Ponteland High School,Newcastle upon Tyne,Comprehensive,10.7,38,67.8,160=,33.7,286,145783,Ponteland High School,108.4,56
287,Cardinal Newman RC School,Hove,Comprehensive,9,30.5,58.1,281=,33.4,287,114611,Cardinal Newman Catholic School,105.7,54.4
235,"St Mary's RC High School, Chesterfield",Chesterfield,Comprehensive,12.3,33.9,64.9,198=,33.4,287,138470,"St Mary's Catholic High School, A Catholic Voluntary Academy",107,56.6
309,Coloma Convent Girls' School,Croydon,Comprehensive,5.4,26.4,54.8,321,33.3,289,149347,Coloma Convent Girls' School,107.3,56.7
291,St Mary's Menston,Leeds,Comprehensive,9.4,31.6,57.8,288=,33.2,290,139351,"St. Mary's Menston, a Catholic Voluntary Academy",107.2,56.5
388,De Lisle College,Loughborough,Comprehensive,8.6,22.2,40.9,395,33.1,291,138298,De Lisle College Loughborough Leicestershire,104.9,54.1
328,Ruislip High School,London,Comprehensive,-,-,53,331=,33,292,140748,Ruislip High School,105.1,54.1
150,"St Mary's College, Hull",Hull,Comprehensive,9.9,31.6,78.1,63=,33,292,144104,"St Mary's College, Voluntary Catholic Academy",105.4,54.2
267,"Queen Elizabeth High School, Hexham",Hexham,Comprehensive,12.7,36,60.4,248,32.6,294,143291,Queen Elizabeth High School,106.9,54.2
384,The Priory Academy LSST,Lincoln,Comprehensive,0,0,43,389,32.5,295,135565,The Priory Academy LSST,107.7,55
271,Hanley Castle High School,Worcester,Comprehensive,8.9,28,60.2,249,32.3,296,137101,Hanley Castle High School,105.3,50.9
285,Reach Academy Feltham,London,Comprehensive,14.4,41.2,58.8,273=,32.3,296,138266,Reach Academy Feltham,104.1,54.4
234,"All Saints RC School, York",York,Comprehensive,8.1,33.8,65.7,190,32.2,298,149517,All Saints Catholic School York,105.8,54.4
274,Formby High School,Liverpool,Comprehensive,8.4,34.7,60.2,249,31.8,299,137436,Formby High School,105.9,54.4
377,Trinity RC High School,Woodford Green,Comprehensive,8.1,24.2,44.3,384,31.8,299,102860,Trinity Catholic High School,107.7,56.4
348,Anglo European School,Ingatestone,Comprehensive,-,-,50,353,31.2,301,137727,Anglo European School,108.4,56
300,Bishop Vaughan RC School,Swansea,Comprehensive,11.9,37.1,57.3,292=,31.2,301,999999,not an English school,#N/A,#N/A
331,Christ's College Finchley,London,Comprehensive,8.1,18.7,53.7,328,31,303,137388,Christ's College Finchley,105.2,55.2
221,Ysgol Gyfun Gymraeg Bro Myrddin,Carmarthen,Comprehensive,12.3,39.3,67.9,157=,31,303,999999,not an English school,#N/A,#N/A
227,Alderbrook School and Sixth Form,Solihull,Comprehensive,-,37,67,171=,31,303,136994,Alderbrook School,105.1,53.9
293,St Philomena's RC High School for Girls,Carshalton,Comprehensive,-,23,58,283=,31,303,103013,St Philomena's Catholic High School for Girls,106.4,57.7
167,Yavneh College,Borehamwood,Comprehensive,14.8,44.4,76.3,74,30.9,307,136922,Yavneh College,107,61.7
170,Ralph Allen School,Bath,Partially selective (2%),29.6,48,75.2,86,30.8,308,138522,Ralph Allen School,106.3,53.8
237,Sherburn High School,Leeds,Comprehensive,8.7,38.8,66,184,30.7,309,145819,Sherburn High School,104.4,51.3
391,St Gregory's RC College,Bath,Partially selective (9%),7.9,18.9,41.3,393,30.6,310,109329,Saint Gregory's Catholic College,104.4,51
341,Whitley Bay High School,Whitley Bay,Comprehensive,8.4,26.3,52.1,338,30.5,311,108638,Whitley Bay High School,107.6,56.3
320,Malmesbury School,Malmesbury,Comprehensive,-,-,55,317,30.2,312,137308,Malmesbury School,105.3,51.8
310,Alperton Community School,London,Comprehensive,7.8,28.4,56,308=,30.2,312,138610,Alperton Community School,102.8,51.9
366,Highdown School and Sixth Form Centre,Reading,Comprehensive,6.7,20.4,47.1,372,30.1,314,136307,Highdown School and Sixth Form Centre,106.4,53.5
289,Eltham Hill School,London,Comprehensive,-,29.9,59.7,261,30,315,100182,Eltham Hill School,106,52.5
373,Carre's Grammar School,Sleaford,Selective (100%),8.7,22.1,45.5,379,30,315,137213,Carre's Grammar School,109.6,57.2
311,Chipping Norton School,Chipping Norton,Comprehensive,-,30,56,308,30,315,137936,Chipping Norton School,105.9,52.9
323,Langley Park School for Boys,Beckenham,Comprehensive,7.7,26.6,55,317,30,315,136586,Langley Park School for Boys,107.3,56
295,Becket Keys CofE School,Brentwood,Comprehensive,4.5,26.7,58.2,280,30,315,138239,Becket Keys Church of England Free School,106.4,54.4
276,Highlands School and Sixth Form,London,Comprehensive,11.4,31.3,61.1,239=,29.8,320,132256,Highlands School,106.3,54.8
362,Bishop Challoner RC College,Birmingham,Comprehensive,3.9,17.7,47.9,368,29.8,320,103560,Bishop Challoner Catholic College,106.6,53.1
345,St John's Marlborough,Marlborough,Comprehensive,10.3,28.5,51.7,343,29.7,322,138623,St John's Marlborough,106.2,53.4
268,Edgbarrow School,Crowthorne,Comprehensive,-,35,62,229,29.1,323,145244,Edgbarrow School,106.1,54
328,Woodbridge High School,Woodford Green,Comprehensive,-,26,55,317,29,324,102854,Woodbridge High School,106.6,54.5
349,Rutlish School,London,Comprehensive,-,24,51,348,29,324,102679,Rutlish School,105.3,55.2
266,Littleover Community School,Derby,Comprehensive,8.8,32.9,62.5,223,28.9,326,112956,Littleover Community School,105.7,53.8
256,The Broxbourne School,Broxbourne,Partially selective (10%),12.3,32.7,64.3,206,28.9,326,136396,The Broxbourne School,107.9,54.7
319,"Queens' School, Bushey",Bushey,Partially selective (45%),8.5,26.7,56,308=,28.9,326,136877,Queens' School,106.6,53.5
240,Horsforth School,Leeds,Comprehensive,14.8,38.7,66.7,175,28.7,329,137775,Horsforth School,106.9,55.8
378,The Bishop's Stortford High School,Bishop's Stortford,Partially selective (10%),5.8,20.7,45.7,377,28.7,329,117577,The Bishop's Stortford High School,107.8,56.1
360,Oakgrove School,Milton Keynes,Comprehensive,-,-,49,359,28.3,331,136454,Oakgrove School,106.4,52.5
380,Chancellor's School,Hatfield,Partially selective (10%),5.4,18.6,45.7,377,28.3,331,147246,Chancellor's School,105.5,52.9
322,Sydenham School,London,Comprehensive,-,29,56,308,28,333,100741,Sydenham School,105.9,49.7
315,Landau Forte College Derby,Derby,Comprehensive,7.7,33.1,56.7,300=,28,333,135120,Landau Forte College,105.7,54.1
299,Higham Lane School,Nuneaton,Comprehensive,6.8,28.3,59,267,27.9,335,137767,Higham Lane School,105.1,54
324,Ringwood School,Ringwood,Comprehensive,9.5,24.9,55.8,313,27.8,336,136657,Ringwood School Academy,106.2,53.7
330,Egglescliffe School,Stockton-on-Tees,Comprehensive,-,-,55.6,315,27.6,337,143063,Egglescliffe School,108,54.7
381,St Bede's RC College,Bristol,Comprehensive,5.5,18.7,46,375,27.5,338,137627,St Bede's Catholic College,106.9,55.6
386,Guru Nanak Sikh Academy,London,Comprehensive,6.5,21.8,45.1,380,27.2,339,136329,Guru Nanak Sikh Academy,106.2,53.6
301,"The King Edward VI School, Morpeth",Morpeth,Comprehensive,-,-,59.3,265=,27,340,137746,The King Edward VI School,106.1,51.2
394,St Anthony's Girls' RC Academy,Sunderland,Comprehensive,6.7,16.1,41.6,392,27,340,138054,St Anthony's Girls' Catholic Academy,107.7,54.2
342,East Barnet School,London,Comprehensive,6.1,27.7,53.7,328=,27,340,136658,East Barnet School,106.3,51.9
335,Upton-by-Chester High School,Chester,Comprehensive,7.8,26.1,55.2,316,26.7,343,111422,Upton-by-Chester High School,105.3,52.3
296,The Downs School,Newbury,Comprehensive,13.9,30.9,59.9,257,26.7,343,110102,The Downs School,105.8,52.6
367,Highams Park School,London,Comprehensive,2.6,17.7,48.7,360,26.6,345,137558,Highams Park School,105.6,50
244,Heathside School,Weybridge,Comprehensive,12.7,38.9,67.3,168,26.5,346,142314,Heathside School,107,56.2
305,Blue Coat CofE School and Music College,Coventry,Comprehensive,-,-,58.9,272,26.2,347,137272,Blue Coat Church of England School and Music College,105.8,52.1
290,Cheney School,Oxford,Comprehensive,11.4,33.3,61.4,236,26.1,348,139146,Cheney School,103.2,46.9
390,The Bridge Academy,London,Comprehensive,-,15,44,386,26,349,131609,The Bridge Academy,106.4,54.3
189,Archbishop Holgate's School,York,Comprehensive,13.7,41.5,74.8,92,25.9,350,136617,"Archbishop Holgate's School, A Church of England Academy",105,50.1
357,Kingsbridge Community College,Kingsbridge,Comprehensive,8.5,25.3,50.5,352,25.5,351,136367,Kingsbridge Academy,106.6,48.4
368,Kesgrave High School,Ipswich,Comprehensive,6.5,24.1,49.2,358,25.3,352,136969,Kesgrave High School,105.7,50.6
383,City of Norwich School,Norwich,Partially selective (10%),8.6,24.7,46.8,374,25.3,352,141269,"City of Norwich School, An Ormiston Academy",105.6,48.6
260,Hillcrest School and Sixth Form Centre,Birmingham,Comprehensive,5.4,23,64.9,198,25.2,354,137346,Hillcrest School and Sixth Form Centre,102.7,49.8
316,Carmel College,Darlington,Comprehensive,11.7,27.1,58.1,281,25.1,355,137622,Carmel College,105.9,53.6
286,Tytherington School,Macclesfield,Comprehensive,-,-,62.3,227,25.1,355,140791,Tytherington School,105.4,49.9
382,Blenheim High School,Epsom,Comprehensive,-,25,47,373,25,357,137906,Blenheim High School,104.4,49.2
334,"Cotham School, Bristol",Bristol,Comprehensive,-,-,56.4,305,25,357,137440,Cotham School,103.5,46.2
269,Uckfield College,Uckfield,Comprehensive,12,31,64,208=,25,357,114590,Uckfield  College,104.8,50
372,"The Castle School, Thornbury",Thornbury,Comprehensive,-,-,48,367,25,357,139348,The Castle School,104.3,50.6
374,Cheltenham Bournside School and Sixth Form Centre,Cheltenham,Comprehensive,-,-,48.2,366,24.4,361,136725,Cheltenham Bournside School and Sixth Form Centre,103.4,49.2
281,Ysgol Bro Preseli,Crymych,Comprehensive,16.4,40.5,63.1,215,24.3,362,999999,not an English school,#N/A,#N/A
375,The Nelson Thomlinson School,Wigton,Comprehensive,6.6,22.6,48.3,365,24.1,363,112397,The Nelson Thomlinson School,105,47
311,Southam College,Southam,Comprehensive,-,32,59,267,24,364,143905,Southam College,105.8,49.7
399,Haydon School,London,Comprehensive,-,19,39,399=,24,364,136519,Haydon School,106.3,49.3
258,Camborne Science and International Academy,Camborne,Comprehensive,19.7,41.3,66.1,180,23.8,366,136524,Camborne Science and International Academy,105.5,47.3
332,Hayes School,Bromley,Comprehensive,8.6,24.9,57.2,294,23.8,366,136644,Hayes School,106.9,52.9
254,Huntington School,York,Comprehensive,10.9,37.4,67.3,168,23.4,368,121673,Huntington School,104.9,48.9
265,Crickhowell High School,Crickhowell,Comprehensive,15.7,39.1,65.3,191=,23.4,368,999999,not an English school,#N/A,#N/A
339,The Minster School,Southwell,Comprehensive,7.7,24.1,56,308,23.3,370,145643,The Minster School,105.6,51.6
370,St Benedict's RC School,Bury St Edmunds,Comprehensive,13.1,26.3,49.7,355,23.1,371,149285,St Benedict's Catholic School,105.9,51.1
356,Guiseley School,Leeds,Comprehensive,-,29,52,339,23,372,108085,Guiseley School,105.8,49.4
308,The Emmbrook School,Wokingham,Comprehensive,11.5,32.1,60,254,23,372,148453,The Emmbrook School,104.3,48.3
352,Queens Park Community School,London,Comprehensive,-,25,53,331,22.9,374,138609,Queens Park Community School,106.3,49.8
362,St Anselm's College,Birkenhead,Selective (100%),6.6,25.8,51.3,345,22.9,374,136780,St Anselm's College,108.8,55.6
400,Lord Williams's School,Thame,Comprehensive,3.5,16,39,399,22.7,376,138667,Lord Williams's School,105.3,48.4
298,Ysgol Eirias,Colwyn Bay,Comprehensive,12.4,34,61.7,234,22.7,376,999999,not an English school,#N/A,#N/A
336,Llanidloes High School,Llanidloes,Comprehensive,10.3,32,56.7,300=,22.6,378,999999,not an English school,#N/A,#N/A
333,Norton Hill School,Radstock,Comprehensive,-,-,57.7,290,22.6,378,136335,Norton Hill Academy,106.4,52.2
389,Beverley High School,Beverley,Comprehensive,11.8,26.4,45.8,376,22.5,380,118072,Beverley High School,105.1,49.1
397,The Burgate School and Sixth Form,Fordingbridge,Comprehensive,4.3,14.6,39.9,398,22.5,380,136719,The Burgate School and Sixth Form,106.9,52.8
396,Brookfield Community School,Chesterfield,Comprehensive,3.4,20.2,41.1,394,22.4,382,136548,Brookfield Community School,105.3,52.2
393,The Willink School,Reading,Comprehensive,7.4,22.5,44.1,385,22.3,383,110048,The Willink School,105.5,49.1
357,Chew Valley School,Bristol,Comprehensive,-,-,52.2,337,22.2,384,145482,Chew Valley School,105.7,47.8
395,Wellsway School,Bristol,Comprehensive,6.9,22.1,42.2,391,22.2,384,137523,Wellsway School,105.3,51.8
392,St Augustine's RC High School,Redditch,Comprehensive,-,-,44.4,382=,22.2,384,141063,St Augustine's Catholic High School,104.7,50.3
327,Sandbach High School and Sixth Form College,Sandbach,Comprehensive,7.7,30.1,58.5,277,22.1,387,136340,Sandbach High School and Sixth Form College,104.8,52.6
369,Lord Lawson of Beamish Academy,Birtley,Comprehensive,4.3,18.6,51,348=,21.5,388,137942,Lord Lawson of Beamish Academy,105.3,45.1
326,Kings Academy,Cheddar,Comprehensive,8,20.2,59,267=,21.2,389,136783,The Kings of Wessex Academy,104.2,49.6
350,Collingwood College,Camberley,Comprehensive,12.1,28.7,54.8,321,21.1,390,136828,Collingwood College,104.8,47.9
387,University of Birmingham School,Birmingham,Comprehensive,7.1,22.6,47.6,370,21.1,390,140863,The University of Birmingham School,104.8,47.1
259,Nailsea School,Bristol,Comprehensive,-,40,67,171,21,392,138466,Nailsea School,104.8,49.3
340,Keswick School,Keswick,Comprehensive,9.8,29,57.2,294,20.7,393,136902,Keswick School,106.2,54.1
365,Conyers School,Stockton-on-Tees,Comprehensive,3.9,26,51.9,342,20.7,393,139318,Conyers School,105.8,48
371,St John Payne RC School,Chelmsford,Comprehensive,2.4,18.9,50.7,351,20.6,395,115238,"St John Payne Catholic School, Chelmsford",105.6,49.9
354,Richmond School and Sixth Form College,Richmond,Comprehensive,6.5,27.8,54.2,325=,19.3,396,145090,Richmond School,104.4,47.8
346,Ark St Alban's Academy,Birmingham,Comprehensive,3.5,18.1,56.9,297,19.2,397,135970,Ark St Alban's Academy,102.3,46.4
355,Lytchett Minster School,Lytchett Minster,Comprehensive,8.7,26,54.5,324,18.3,398,113863,Lytchett Minster School,103.5,48.4
376,Plymstock School,Plymouth,Comprehensive,3.3,21.8,52,339,16.5,399,136568,Plymstock School,104.1,46.1
398,"The Duchess's Community High School, Alnwick",Alnwick,Comprehensive,-,-,44.9,381,12.4,400,150196,The Duchess's Community High School,0,0
