ID,Label,Colour,tested,GroupTest,provider,GroupSize,category
101,Barton Court Grammar School,#4994CE,658,Kent,GLA,16446,Local Authority
102,Chatham and Clarendon Grammar School,#8A5988,658,Kent,GLA,16446,Local Authority
103,Cranbrook School,#449E9E,658,Kent,GLA,16446,Local Authority
104,Dane Court Grammar School,#7FC241,658,Kent,GLA,16446,Local Authority
105,Dartford Grammar School,#D3D3D3,658,Kent,GLA,16446,Local Authority
106,Dartford Grammar School for Girls,#4994CE,658,Kent,GLA,16446,Local Authority
107,GRAVESEND GRAMMAR SCHOOL,#8A5988,658,Kent,GLA,16446,Local Authority
108,Highworth Grammar School,#449E9E,658,Kent,GLA,16446,Local Authority
109,Invicta Grammar School,#7FC241,658,Kent,GLA,16446,Local Authority
110,Maidstone Grammar School,#D3D3D3,658,Kent,GLA,16446,Local Authority
111,Maidstone Grammar School for Girls,#4994CE,658,Kent,GLA,16446,Local Authority
112,Oakwood Park Grammar School,#8A5988,658,Kent,GLA,16446,Local Authority
113,Queen Elizabeth's Grammar School,#449E9E,658,Kent,GLA,16446,Local Authority
114,Simon Langton Girls' Grammar School,#7FC241,658,Kent,GLA,16446,Local Authority
115,Simon Langton Grammar School for Boys,#D3D3D3,658,Kent,GLA,16446,Local Authority
116,SIR ROGER MANWOOD'S SCHOOL,#4994CE,658,Kent,GLA,16446,Local Authority
117,The Judd School,#8A5988,658,Kent,GLA,16446,Local Authority
118,The Norton Knatchbull School,#449E9E,658,Kent,GLA,16446,Local Authority
119,The Skinners' School Academy Trust,#7FC241,658,Kent,GLA,16446,Local Authority
120,Tonbridge Grammar School,#D3D3D3,658,Kent,GLA,16446,Local Authority
121,Tunbridge Wells Girls' Grammar,#4994CE,658,Kent,GLA,16446,Local Authority
122,Tunbridge Wells Grammar School for Boys,#8A5988,658,Kent,GLA,16446,Local Authority
123,Weald of Kent Grammar School,#449E9E,658,Kent,GLA,16446,Local Authority
124,Wilmington Boys Grammar School,#7FC241,658,Kent,GLA,16446,Local Authority
125,Wilmington Grammar School for Girls,#D3D3D3,658,Kent,GLA,16446,Local Authority
126,Aylesbury Grammar School,#4994CE,941,TBGS,GLA,12238,Grammar Consortium
127,AYLESBURY HIGH SCHOOL,#8A5988,941,TBGS,GLA,12238,Grammar Consortium
128,Beaconsfield High School,#449E9E,941,TBGS,GLA,12238,Grammar Consortium
129,BURNHAM GRAMMAR SCHOOL,#7FC241,941,TBGS,GLA,12238,Grammar Consortium
130,CHESHAM GRAMMAR SCHOOL,#D3D3D3,941,TBGS,GLA,12238,Grammar Consortium
131,Dr Challoner's Grammar School,#4994CE,941,TBGS,GLA,12238,Grammar Consortium
132,Dr. Challoner's High School,#8A5988,941,TBGS,GLA,12238,Grammar Consortium
133,JOHN HAMPDEN GRAMMAR SCHOOL,#449E9E,941,TBGS,GLA,12238,Grammar Consortium
134,Royal Grammar School,#7FC241,941,TBGS,GLA,12238,Grammar Consortium
135,Sir Henry Floyd Grammar School,#D3D3D3,941,TBGS,GLA,12238,Grammar Consortium
136,Sir William Borlase's Grammar,#4994CE,941,TBGS,GLA,12238,Grammar Consortium
137,The Royal Latin School,#8A5988,941,TBGS,GLA,12238,Grammar Consortium
138,Wycombe High School,#449E9E,941,TBGS,GLA,12238,Grammar Consortium
139,Beths Grammar School,#7FC241,1464,Bexley,GLA,5855,Local Authority
140,Bexley Grammar School,#D3D3D3,1464,Bexley,GLA,5855,Local Authority
141,Chislehurst & Sidcup Grammar,#4994CE,1464,Bexley,GLA,5855,Local Authority
142,Townley Grammar School,#8A5988,1464,Bexley,GLA,5855,Local Authority
143,Queen Elizabeth's High School,#449E9E,783,Lincs,GLA,5054,Grammar Consortium
144,Bourne Grammar School,#7FC241,557,Lincs,GLA,5054,Grammar Consortium
145,Spalding High School,#D3D3D3,512,Lincs,GLA,5054,Grammar Consortium
146,KING EDWARD VI GRAMMAR SCHOOL,#4994CE,437,Lincs,GLA,5054,Grammar Consortium
147,Kesteven & Grantham Girls' School,#8A5988,403,Lincs,GLA,5054,Grammar Consortium
148,Boston Grammar School,#449E9E,383,Lincs,GLA,5054,Grammar Consortium
149,Spalding Grammar School,#7FC241,332,Lincs,GLA,5054,Grammar Consortium
150,Boston High School,#D3D3D3,320,Lincs,GLA,5054,Grammar Consortium
151,"The King's School, Grantham.",#4994CE,287,Lincs,GLA,5054,Grammar Consortium
152,CAISTOR GRAMMAR SCHOOL,#8A5988,285,Lincs,GLA,5054,Grammar Consortium
153,Carre's Grammar School,#449E9E,232,Lincs,GLA,5054,Grammar Consortium
154,"Queen Elizabeth's Grammar, Alford - A Selective Academy",#7FC241,205,Lincs,GLA,5054,Grammar Consortium
155,Skegness Grammar School,#D3D3D3,124,Lincs,GLA,5054,Grammar Consortium
156,Kesteven & Sleaford High School,#4994CE,98,Lincs,GLA,5054,Grammar Consortium
157,Queen Elizabeth's Grammar,#8A5988,98,Lincs,GLA,5054,Grammar Consortium
158,BISHOP VESEY'S GRAMMAR SCHOOL,#449E9E,624,Birmingham,GLA,4988,Grammar Consortium
159,KING EDWARD VI ASTON SCHOOL,#7FC241,624,Birmingham,GLA,4988,Grammar Consortium
160,KING EDWARD VI CAMP HILL GIRLS,#D3D3D3,624,Birmingham,GLA,4988,Grammar Consortium
161,King Edward VI Camp Hill School for Boys,#4994CE,624,Birmingham,GLA,4988,Grammar Consortium
162,King Edward VI Five Ways,#8A5988,624,Birmingham,GLA,4988,Grammar Consortium
163,King Edward VI Handsworth Grammar School for Boys,#449E9E,624,Birmingham,GLA,4988,Grammar Consortium
164,King Edward VI Handsworth School,#7FC241,624,Birmingham,GLA,4988,Grammar Consortium
165,Sutton Coldfield Grammar School for Girls,#D3D3D3,624,Birmingham,GLA,4988,Grammar Consortium
166,Herschel Grammar School,#4994CE,1243,Slough,GLA,4970,Grammar Consortium
167,LANGLEY GRAMMAR SCHOOL,#8A5988,1243,Slough,GLA,4970,Grammar Consortium
168,St Bernard's Catholic Grammar School,#449E9E,1243,Slough,GLA,4970,Grammar Consortium
169,Upton Court Grammar School,#7FC241,1243,Slough,GLA,4970,Grammar Consortium
170,Altrincham Grammar School for Boys,#D3D3D3,944,Trafford,GLA,3945,Grammar Consortium
171,Sale Grammar School,#4994CE,841,Trafford,GLA,3945,Grammar Consortium
172,Stretford Grammar School,#8A5988,789,Trafford,GLA,3945,Grammar Consortium
173,Altrincham Grammar School for Girls,#449E9E,713,Trafford,GLA,3945,Grammar Consortium
174,Urmston Grammar,#7FC241,657,Trafford,GLA,3945,Grammar Consortium
175,Chatham Grammar School for Girls,#D3D3D3,641,Medway Council,GLA,3846,Local Authority
176,Fort Pitt Grammar School,#4994CE,641,Medway Council,GLA,3846,Local Authority
177,Holcombe Grammar School,#8A5988,641,Medway Council,GLA,3846,Local Authority
178,RAINHAM MARK GRAMMAR SCHOOL,#449E9E,641,Medway Council,GLA,3846,Local Authority
179,Rochester Grammar School,#7FC241,641,Medway Council,GLA,3846,Local Authority
180,SIR JOSEPH WILLIAMSONS MATHEMATICAL SCHOOL,#D3D3D3,641,Medway Council,GLA,3846,Local Authority
181,Queen Elizabeth's School,#4994CE,3433,Queen Elizabeth Barnett,GLA,3433,Single School
182,Alcester Grammar School,#8A5988,585,Warks,GLA,2926,Grammar Consortium
183,KING EDWARD VI SCHOOL,#449E9E,585,Warks,GLA,2926,Grammar Consortium
184,LAWRENCE SHERIFF SCHOOL,#7FC241,585,Warks,GLA,2926,Grammar Consortium
185,Rugby High School,#D3D3D3,585,Warks,GLA,2926,Grammar Consortium
186,Stratford Girls' Grammar School,#4994CE,585,Warks,GLA,2926,Grammar Consortium
187,Denmark Road High School,#8A5988,381,Gloucester,GLA,2670,Grammar Consortium
188,Marling School,#449E9E,381,Gloucester,GLA,2670,Grammar Consortium
189,Pate's Grammar School,#7FC241,381,Gloucester,GLA,2670,Grammar Consortium
190,Ribston Hall High School,#D3D3D3,381,Gloucester,GLA,2670,Grammar Consortium
191,Sir Thomas Rich's School,#4994CE,381,Gloucester,GLA,2670,Grammar Consortium
192,Stroud High School,#8A5988,381,Gloucester,GLA,2670,Grammar Consortium
193,The Crypt School,#449E9E,381,Gloucester,GLA,2670,Grammar Consortium
194,The Henrietta Barnett School,#7FC241,2649,HenriettaBarnett,GLA,2649,Single School
195,The Latymer School,#D3D3D3,2611,Latymer,GLA,2611,Single School
196,Haberdashers' Adams,#4994CE,518,Shropshire/Wolverhampton/Walsall,GLA,2590,Grammar Consortium
197,Newport Girls' High School,#8A5988,518,Shropshire/Wolverhampton/Walsall,GLA,2590,Grammar Consortium
198,Queen Mary's Grammar School,#449E9E,518,Shropshire/Wolverhampton/Walsall,GLA,2590,Grammar Consortium
199,Queen Mary's High School,#7FC241,518,Shropshire/Wolverhampton/Walsall,GLA,2590,Grammar Consortium
200,Wolverhampton Girls' High,#D3D3D3,518,Shropshire/Wolverhampton/Walsall,GLA,2590,Grammar Consortium
201,Woodford County High School,#4994CE,1141,Redbridge,GLA,2257,Local Authority
202,Ilford County High School,#8A5988,1116,Redbridge,GLA,2257,Local Authority
203,West Kirby Grammar School,#449E9E,450,Wirral,GLA,1719,Local Authority
204,WIRRAL  GRAMMAR SCHOOL FOR GIRLS,#7FC241,450,Wirral,GLA,1719,Local Authority
205,Calday Grange Grammar School,#D3D3D3,410,Wirral,GLA,1719,Local Authority
206,Wirral Grammar School for Boys,#4994CE,410,Wirral,GLA,1719,Local Authority
207,Bournemouth School for Girls,#8A5988,428,BCP,GLA,1433,Grammar Consortium
208,Bournemouth School,#449E9E,395,BCP,GLA,1433,Grammar Consortium
209,Parkstone Grammar School,#7FC241,310,BCP,GLA,1433,Grammar Consortium
210,Poole Grammar School,#D3D3D3,300,BCP,GLA,1433,Grammar Consortium
211,KENDRICK SCHOOL,#4994CE,747,Kendrick,GLA,747,Single School
212,Dover Grammar School for Girls,#8A5988,350,Kent|Dover,GLA,652,Single School
213,Dover Grammar School for Boys,#449E9E,302,Kent|Dover,GLA,652,Single School
214,Lancaster Royal Grammar School ,#7FC241,324,Lancs,GLA,642,Grammar Consortium
215,Lancaster Girls' Grammar School,#D3D3D3,318,Lancs,GLA,642,Grammar Consortium
216,Bacup and Rawtenstall Grammar,#4994CE,554,BacupRawthenstall,GLA,554,Single School
217,Loreto Grammar School,#8A5988,554,Loreto,GLA,554,Single School
218,Upton Hall School,#449E9E,544,UptonHall,GLA,544,Single School
219,Clitheroe Royal Grammar School,#7FC241,518,ClitheroeRoyal,GLA,518,Single School
220,Bishop Wordsworth's School,#D3D3D3,408,BishopWordsworth,GLA,408,Single School
221,Torquay Boys' Grammar School,#4994CE,405,Torquay Boys,GLA,405,Single School
222,Devonport High School for Boys,#8A5988,402,DevonportBoys,GLA,402,Single School
223,SOUTH WILTS GRAMMAR SCHOOL,#449E9E,377,SouthWilts,GLA,377,Single School
224,TORQUAY GIRLS GRAMMAR SCHOOL,#7FC241,372,Torquay Girls,GLA,372,Single School
225,CHURSTON FERRERS GRAMMAR SCHOOL,#D3D3D3,287,ChurstonFerrers,GLA,287,Single School
226,Ermysteds Grammar School,#4994CE,276,Ermysteds,GLA,276,Single School
227,St Michaels Catholic Grammar School,#8A5988,275,StMichaels,GLA,275,Single School
228,Queen Elizabeth Grammar School Penrith,#449E9E,271,QueenElizabethPenrith,GLA,271,Single School
229,Borden Grammar School,#7FC241,253,Kent|Borden,GLA,253,Single School
230,Ripon Grammar School,#D3D3D3,247,NorthYorks,GLA,247,Local Authority
231,Devonport High School for Girls,#4994CE,222,DevonportGirls,GLA,222,Single School
232,Plymouth High School for Girls,#8A5988,222,PlymouthGirls,GLA,222,Single School
233,Chelmsford County High School for Girls,#449E9E,1225,ChelmsfordCountyGirls,FS,1225,Single School
234,The Blue Coat School,#7FC241,1186,BlueCoat,FS,1186,Single School
235,Heckmondwike Grammar School,#D3D3D3,1100,Heckmondwike,FS,1100,Single School
236,Reading School,#4994CE,1075,ReadingSchool,FS,1075,Single School
237,North Halifax Grammar School,#8A5988,603,NorthHalifax,FS,603,Single School
238,The Crossley Heath School,#449E9E,603,CrossleyHeath,FS,603,Single School
239,Colyton Grammar School,#7FC241,453,Colyton,FS,453,Single School
240,Skipton Girls' High School,#D3D3D3,247,SkiptonGirls,FS,247,Single School
241,Sutton Grammar School,#4994CE,7900,Sutton,DIY,14197,Grammar Consortium
242,NONSUCH HIGH SCHOOL FOR GIRLS,#8A5988,1919,Sutton,DIY,14197,Grammar Consortium
243,Wallington Girls High School,#449E9E,1919,Sutton,DIY,14197,Grammar Consortium
244,WALLINGTON COUNTY GRAMMAR SCHOOL,#7FC241,1230,Sutton,DIY,14197,Grammar Consortium
245,Wilson's School,#D3D3D3,1230,Sutton,DIY,14197,Grammar Consortium
246,COLCHESTER COUNTY HIGH SCHOOL,#4994CE,756,Essex,DIY,5295,Grammar Consortium
247,Colchester Royal Grammar School,#8A5988,756,Essex,DIY,5295,Grammar Consortium
248,"King Edward VI Grammar School, Chelmsford",#449E9E,756,Essex,DIY,5295,Grammar Consortium
249,SOUTHEND H.S. FOR GIRLS,#7FC241,756,Essex,DIY,5295,Grammar Consortium
250,SOUTHEND HIGH SCHOOL FOR BOYS,#D3D3D3,756,Essex,DIY,5295,Grammar Consortium
251,Westcliff High School for Boys,#4994CE,756,Essex,DIY,5295,Grammar Consortium
252,Westcliff High School for Girls,#8A5988,756,Essex,DIY,5295,Grammar Consortium
253,TIFFIN SCHOOL,#449E9E,1677,Tiffin,DIY,1677,Single School
254,ST OLAVE'S GRAMMAR SCHOOL,#7FC241,1626,St Olave's,DIY,1626,Single School
255,The Tiffin Girls' School,#D3D3D3,1485,Tiffin Girls,DIY,1485,Single School
256,NEWSTEAD WOOD SCHOOL,#4994CE,1288,Newstead Wood,DIY,1288,Single School
257,Saint Ambrose College,#8A5988,671,SaintAmbrose,DIY,671,Single School
258,St Anselm's College,#449E9E,571,StAnselms,DIY,571,Single School
259,St. Joseph's College,#7FC241,469,StJosephs,DIY,469,Single School
260,The Folkestone School for Girls,#D3D3D3,372,Kent|Shepway,CEM,707,Single School
261,The Harvey Grammar School,#4994CE,335,Kent|Shepway,CEM,707,Single School
262,"Mayfield Grammar School, Gravesend",#8A5988,415,Kent|Mayfield,CEM,415,Single School
263,Highsted Grammar School,#449E9E,219,Kent|Highsted,CEM,219,Single School
